node_id,node_type,year,domain,split,name
P_W3173691672,Paper,2021.0,Dia2021,NOVEL,
P_W3176450677,Paper,2021.0,Dia2021,NOVEL,
P_W3171266972,Paper,2021.0,Dia2021,NOVEL,
P_W3166143260,Paper,2021.0,Dia2021,NOVEL,
P_W3108508534,Paper,2021.0,Dia2021,NOVEL,
P_W3199691415,Paper,2021.0,Dia2021,NOVEL,
P_W3201234832,Paper,2021.0,Dia2021,NOVEL,
P_W3201144093,Paper,2021.0,Dia2021,NOVEL,
P_W3153046263,Paper,2021.0,Dia2021,NOVEL,
P_W3197754599,Paper,2021.0,Dia2021,NOVEL,
P_W3213972251,Paper,2021.0,Dia2021,NOVEL,
P_W3213758350,Paper,2021.0,Dia2021,NOVEL,
P_W3198455100,Paper,2021.0,Dia2021,NOVEL,
P_W3213852610,Paper,2021.0,Dia2021,NOVEL,
P_W3212092284,Paper,2021.0,Dia2021,NOVEL,
P_W3214501429,Paper,2021.0,Dia2021,NOVEL,
P_W3200506654,Paper,2021.0,Dia2021,NOVEL,
P_W3213435953,Paper,2021.0,Dia2021,NOVEL,
P_W3201069208,Paper,2021.0,Dia2021,NOVEL,
P_W3200036871,Paper,2021.0,Dia2021,NOVEL,
P_W3202125623,Paper,2021.0,Dia2021,NOVEL,
P_W3214623240,Paper,2021.0,Dia2021,NOVEL,
P_W3171850892,Paper,2021.0,Dia2021,NOVEL,
P_W3172407229,Paper,2021.0,Dia2021,NOVEL,
P_W3074476581,Paper,2021.0,Dia2021,NOVEL,
P_W3152175901,Paper,2021.0,Dia2021,NOVEL,
P_W3163744364,Paper,2021.0,Dia2021,NOVEL,
P_W3164652135,Paper,2021.0,Dia2021,NOVEL,
P_W3170644973,Paper,2021.0,Dia2021,NOVEL,
P_W3166896065,Paper,2021.0,Dia2021,NOVEL,
P_W3198087180,Paper,2021.0,Dia2021,NOVEL,
P_W3201091014,Paper,2021.0,Dia2021,NOVEL,
P_W3094083263,Paper,2021.0,Dia2021,NOVEL,
P_W3212099586,Paper,2021.0,Dia2021,NOVEL,
P_W3196675050,Paper,2021.0,Dia2021,NOVEL,
P_W3198548340,Paper,2021.0,Dia2021,NOVEL,
P_W3196292458,Paper,2021.0,Dia2021,NOVEL,
P_W3174382772,Paper,2021.0,Dia2021,NOVEL,
P_W3170012708,Paper,2021.0,Dia2021,NOVEL,
P_W3194113117,Paper,2021.0,Dia2021,NOVEL,
P_W3090998540,Paper,2021.0,Dia2021,NOVEL,
P_W3209879382,Paper,2021.0,Dia2021,NOVEL,
P_W3212307878,Paper,2021.0,Dia2021,NOVEL,
P_W3214342458,Paper,2021.0,Dia2021,NOVEL,
P_W3200895474,Paper,2021.0,Dia2021,NOVEL,
P_W3168491067,Paper,2021.0,Dia2021,NOVEL,
P_W3169942382,Paper,2021.0,Dia2021,NOVEL,
P_W3202390784,Paper,2021.0,Dia2021,NOVEL,
P_W3211887611,Paper,2021.0,Dia2021,NOVEL,
P_W3212362289,Paper,2021.0,Dia2021,NOVEL,
P_W4205340316,Paper,2021.0,Dia2021,NOVEL,
P_W3197133421,Paper,2021.0,Dia2021,NOVEL,
P_W3166704354,Paper,2021.0,Dia2021,NOVEL,
P_W3204697369,Paper,2021.0,Dia2021,NOVEL,
P_W3212156931,Paper,2021.0,Dia2021,NOVEL,
P_W3153947101,Paper,2021.0,Dia2021,NOVEL,
P_W3153659051,Paper,2021.0,Dia2021,NOVEL,
P_W3200546165,Paper,2021.0,Dia2021,NOVEL,
P_W3196636639,Paper,2021.0,Dia2021,NOVEL,
P_W3158235155,Paper,2021.0,Dia2021,NOVEL,
P_W3199944664,Paper,2021.0,Dia2021,NOVEL,
P_W3171708917,Paper,2021.0,Dia2021,NOVEL,
P_W3211971692,Paper,2021.0,Dia2021,NOVEL,
P_W3175994953,Paper,2021.0,Dia2021,NOVEL,
P_W3196896228,Paper,2021.0,Dia2021,NOVEL,
P_W3200001502,Paper,2021.0,Dia2021,NOVEL,
P_W3196326437,Paper,2021.0,Dia2021,NOVEL,
P_W3173606101,Paper,2021.0,Dia2021,NOVEL,
P_W3200664512,Paper,2021.0,Dia2021,NOVEL,
P_W3202597539,Paper,2021.0,Dia2021,NOVEL,
P_W3204515301,Paper,2021.0,Dia2021,NOVEL,
P_W3198097706,Paper,2021.0,MT2021,NOVEL,
P_W3185517710,Paper,2021.0,MT2021,NOVEL,
P_W3200218906,Paper,2021.0,MT2021,NOVEL,
P_W3176366152,Paper,2021.0,MT2021,NOVEL,
P_W3184106707,Paper,2021.0,MT2021,NOVEL,
P_W3174556939,Paper,2021.0,MT2021,NOVEL,
P_W3171376244,Paper,2021.0,MT2021,NOVEL,
P_W3202547134,Paper,2021.0,MT2021,NOVEL,
P_W3197014887,Paper,2021.0,MT2021,NOVEL,
P_W3212864953,Paper,2021.0,MT2021,NOVEL,
P_W3200009083,Paper,2021.0,MT2021,NOVEL,
P_W3176997878,Paper,2021.0,MT2021,NOVEL,
P_W3139119507,Paper,2021.0,MT2021,NOVEL,
P_W3170728036,Paper,2019.0,MT2021,NOVEL,
P_W3205514791,Paper,2021.0,MT2021,NOVEL,
P_W3209027276,Paper,2021.0,MT2021,NOVEL,
P_W3207182695,Paper,2021.0,MT2021,NOVEL,
P_W3200079248,Paper,2021.0,MT2021,NOVEL,
P_W3156665996,Paper,2021.0,MT2021,NOVEL,
P_W3198959024,Paper,2021.0,MT2021,NOVEL,
P_W3199713193,Paper,2021.0,MT2021,NOVEL,
P_W3198827429,Paper,2021.0,MT2021,NOVEL,
P_W3196292088,Paper,2021.0,MT2021,NOVEL,
P_W3211384195,Paper,2021.0,MT2021,NOVEL,
P_W3199258042,Paper,2021.0,MT2021,NOVEL,
P_W3165946561,Paper,2021.0,MT2021,NOVEL,
P_W3196727201,Paper,2021.0,MT2021,NOVEL,
P_W3170483380,Paper,2021.0,MT2021,NOVEL,
P_W3196541677,Paper,2021.0,MT2021,NOVEL,
P_W3168212167,Paper,2021.0,MT2021,NOVEL,
P_W3175663471,Paper,2021.0,MT2021,NOVEL,
P_W3175665465,Paper,2021.0,MT2021,NOVEL,
P_W3197738942,Paper,2021.0,MT2021,NOVEL,
P_W3170534228,Paper,2021.0,MT2021,NOVEL,
P_W3172171688,Paper,2021.0,MT2021,NOVEL,
P_W3136071852,Paper,2021.0,MT2021,NOVEL,
P_W3168236275,Paper,2021.0,MT2021,NOVEL,
P_W3155003847,Paper,2021.0,MT2021,NOVEL,
P_W3186188014,Paper,2021.0,MT2021,NOVEL,
P_W3080850759,Paper,2021.0,MT2021,NOVEL,
P_W3198216919,Paper,2021.0,MT2021,NOVEL,
P_W3200798267,Paper,2021.0,MT2021,NOVEL,
P_W3198543292,Paper,2021.0,MT2021,NOVEL,
P_W3169001897,Paper,2021.0,MT2021,NOVEL,
P_W3168847912,Paper,2021.0,MT2021,NOVEL,
P_W3162711154,Paper,2021.0,MT2021,NOVEL,
P_W3200388885,Paper,2021.0,MT2021,NOVEL,
P_W3198258591,Paper,2021.0,MT2021,NOVEL,
P_W3174937206,Paper,2021.0,MT2021,NOVEL,
P_W3173657420,Paper,2021.0,MT2021,NOVEL,
P_W3176382501,Paper,2021.0,MT2021,NOVEL,
P_W3197322108,Paper,2021.0,MT2021,NOVEL,
P_W3156415184,Paper,2021.0,MT2021,NOVEL,
P_W3173190788,Paper,2021.0,MT2021,NOVEL,
P_W3196559845,Paper,2021.0,MT2021,NOVEL,
P_W3174481817,Paper,2021.0,MT2021,NOVEL,
P_W3176994339,Paper,2021.0,MT2021,NOVEL,
P_W3175092301,Paper,2021.0,MT2021,NOVEL,
P_W3167968824,Paper,2021.0,MT2021,NOVEL,
P_W3162228117,Paper,2021.0,MT2021,NOVEL,
P_W3185652831,Paper,2021.0,MT2021,NOVEL,
P_W3198479318,Paper,2021.0,MT2021,NOVEL,
P_W3160224178,Paper,2021.0,MT2021,NOVEL,
P_W3175283066,Paper,2021.0,MT2021,NOVEL,
P_W3197148518,Paper,2021.0,MT2021,NOVEL,
P_W3188760190,Paper,2021.0,MT2021,NOVEL,
P_W3165832563,Paper,2021.0,MT2021,NOVEL,
P_W3176614736,Paper,2021.0,MT2021,NOVEL,
P_W3174160883,Paper,2021.0,MT2021,NOVEL,
P_W3198763390,Paper,2021.0,MT2021,NOVEL,
P_W3168264548,Paper,2021.0,MT2021,NOVEL,
P_W3211481627,Paper,2021.0,MT2021,NOVEL,
P_W3213072305,Paper,2021.0,MT2021,NOVEL,
P_W3175374354,Paper,2021.0,MT2021,NOVEL,
P_W3212892036,Paper,2021.0,MT2021,NOVEL,
P_W3213137415,Paper,2021.0,MT2021,NOVEL,
P_W3211978535,Paper,2021.0,MT2021,NOVEL,
P_W3214581470,Paper,2021.0,MT2021,NOVEL,
P_W3214236736,Paper,2021.0,MT2021,NOVEL,
P_W3214532454,Paper,2021.0,MT2021,NOVEL,
P_W3174255604,Paper,2021.0,MT2021,NOVEL,
P_W3173691187,Paper,2021.0,MT2021,NOVEL,
P_W3214153756,Paper,2021.0,MT2021,NOVEL,
P_W3198270094,Paper,2021.0,MT2021,NOVEL,
P_W3173844397,Paper,2021.0,MT2021,NOVEL,
P_W3200345787,Paper,2021.0,MT2021,NOVEL,
P_W3188280450,Paper,2021.0,MT2021,NOVEL,
P_W3169680668,Paper,2021.0,MT2021,NOVEL,
P_W3176009285,Paper,2021.0,MT2021,NOVEL,
P_W3197257519,Paper,2021.0,MT2021,NOVEL,
P_W3156064004,Paper,2021.0,MT2021,NOVEL,
P_W3171766884,Paper,2021.0,MT2021,NOVEL,
P_W3173506858,Paper,2021.0,MT2021,NOVEL,
P_W3170463198,Paper,2021.0,MT2021,NOVEL,
P_W3167860749,Paper,2021.0,MT2021,NOVEL,
P_W3166829167,Paper,2021.0,MT2021,NOVEL,
P_W3167056186,Paper,2021.0,MT2021,NOVEL,
P_W3175424132,Paper,2021.0,MT2021,NOVEL,
P_W3176785110,Paper,2021.0,MT2021,NOVEL,
P_W3016145922,Paper,2020.0,MT2021,NOVEL,
P_W3169145812,Paper,2021.0,MT2021,NOVEL,
P_W3168577192,Paper,2021.0,MT2021,NOVEL,
P_W3171450754,Paper,2021.0,MT2021,NOVEL,
P_W3173647317,Paper,2021.0,MT2021,NOVEL,
P_W3155863955,Paper,2021.0,MT2021,NOVEL,
P_W3176711365,Paper,2021.0,MT2021,NOVEL,
P_W3176011954,Paper,2021.0,MT2021,NOVEL,
P_W4285112771,Paper,2022.0,MT2021,NOVEL,
P_W3175963743,Paper,2021.0,MT2021,NOVEL,
P_W3089025530,Paper,2021.0,MT2021,NOVEL,
P_W3199575985,Paper,2021.0,MT2021,NOVEL,
P_W3211399536,Paper,2021.0,MT2021,NOVEL,
P_W3176846012,Paper,2021.0,MT2021,NOVEL,
P_W3185537577,Paper,2021.0,MT2021,NOVEL,
P_W3210390771,Paper,2021.0,MT2021,NOVEL,
P_W3173602377,Paper,2021.0,MT2021,NOVEL,
P_W3147506970,Paper,2021.0,MT2021,NOVEL,
P_W3167716537,Paper,2021.0,MT2021,NOVEL,
P_W3184604253,Paper,2021.0,MT2021,NOVEL,
P_W3177085913,Paper,2021.0,MT2021,NOVEL,
P_W3188239957,Paper,2021.0,MT2021,NOVEL,
P_W3203186688,Paper,2021.0,MT2021,NOVEL,
P_W3176585753,Paper,2021.0,MT2021,NOVEL,
P_W3173680274,Paper,2021.0,MT2021,NOVEL,
P_W3174636484,Paper,2021.0,MT2021,NOVEL,
P_W3204290628,Paper,2021.0,MT2021,NOVEL,
P_W3168900788,Paper,2021.0,MT2021,NOVEL,
P_W3197336992,Paper,2021.0,MT2021,NOVEL,
P_W3167880383,Paper,2021.0,MT2021,NOVEL,
P_W3171877493,Paper,2021.0,MT2021,NOVEL,
P_W3167690611,Paper,2021.0,MT2021,NOVEL,
P_W3172475066,Paper,2021.0,MT2021,NOVEL,
P_W3177195196,Paper,2021.0,MT2021,NOVEL,
P_W3199917453,Paper,2021.0,MT2021,NOVEL,
P_W3200011783,Paper,2021.0,MT2021,NOVEL,
P_W3200875022,Paper,2021.0,MT2021,NOVEL,
P_W3197536862,Paper,2021.0,MT2021,NOVEL,
P_W3175863856,Paper,2021.0,MT2021,NOVEL,
P_W3176395632,Paper,2021.0,MT2021,NOVEL,
P_W4223451762,Paper,2022.0,MT2021,NOVEL,
P_W3213993043,Paper,2021.0,MT2021,NOVEL,
P_W3198736145,Paper,2021.0,MT2021,NOVEL,
P_W3176120057,Paper,2021.0,MT2021,NOVEL,
P_W3161391716,Paper,2021.0,MT2021,NOVEL,
P_W3199143471,Paper,2021.0,MT2021,NOVEL,
P_W3174693399,Paper,2021.0,MT2021,NOVEL,
P_W3205417735,Paper,2021.0,MT2021,NOVEL,
P_W3201295503,Paper,2021.0,MT2021,NOVEL,
P_W3214250531,Paper,2021.0,MT2021,NOVEL,
P_W3213005305,Paper,2021.0,MT2021,NOVEL,
P_W3205818463,Paper,2021.0,MT2021,NOVEL,
P_W3209783775,Paper,2021.0,MT2021,NOVEL,
P_W3167515372,Paper,2021.0,MT2021,NOVEL,
P_W3176957840,Paper,2021.0,MT2021,NOVEL,
P_W3174292387,Paper,2021.0,MT2021,NOVEL,
P_W3176913643,Paper,2021.0,MT2021,NOVEL,
P_W3175212568,Paper,2021.0,MT2021,NOVEL,
P_W3154987757,Paper,2021.0,MT2021,NOVEL,
P_W3198891452,Paper,2021.0,MT2021,NOVEL,
P_W3199890931,Paper,2021.0,MT2021,NOVEL,
P_W3186081172,Paper,2021.0,MT2021,NOVEL,
P_W3200074555,Paper,2021.0,MT2021,NOVEL,
P_W3197365178,Paper,2021.0,MT2021,NOVEL,
P_W3199464215,Paper,2021.0,MT2021,NOVEL,
P_W3177285425,Paper,2021.0,MT2021,NOVEL,
P_W3198182251,Paper,2024.0,MT2021,NOVEL,
P_W3212104907,Paper,2021.0,MT2021,NOVEL,
P_W3200908733,Paper,2021.0,MT2021,NOVEL,
P_W3185106120,Paper,2021.0,MT2021,NOVEL,
P_W3207107383,Paper,2021.0,MT2021,NOVEL,
P_W3173315356,Paper,2021.0,MT2021,NOVEL,
P_W3200589108,Paper,2021.0,MT2021,NOVEL,
P_W3205203171,Paper,2021.0,MT2021,NOVEL,
P_W3176690085,Paper,2021.0,MT2021,NOVEL,
P_W3175995572,Paper,2021.0,MT2021,NOVEL,
P_W3200765429,Paper,2021.0,MT2021,NOVEL,
P_W3157748223,Paper,2021.0,MT2021,NOVEL,
P_W3111696764,Paper,2020.0,MT2021,NOVEL,
P_W3214353211,Paper,2021.0,MT2021,NOVEL,
P_W3206604436,Paper,2021.0,MT2021,NOVEL,
P_W3197138502,Paper,2021.0,MT2021,NOVEL,
P_W3198078159,Paper,2021.0,MT2021,NOVEL,
P_W3197158004,Paper,2021.0,MT2021,NOVEL,
P_W3201215554,Paper,2021.0,MT2021,NOVEL,
P_W3201371171,Paper,2021.0,MT2021,NOVEL,
P_W3200188417,Paper,2021.0,MT2021,NOVEL,
P_W3198995825,Paper,2021.0,MT2021,NOVEL,
P_W7115228348,Paper,2021.0,MT2021,NOVEL,
P_W3173767661,Paper,2021.0,MT2021,NOVEL,
P_W3196896228,Paper,2021.0,MT2021,NOVEL,
P_W3173571438,Paper,2021.0,MT2021,NOVEL,
P_W4200635539,Paper,2025.0,MT2021,NOVEL,
P_W7115213122,Paper,2021.0,MT2021,NOVEL,
P_W3213774132,Paper,2021.0,MT2021,NOVEL,
P_W3186667189,Paper,2021.0,MT2021,NOVEL,
P_W3175809709,Paper,2021.0,MT2021,NOVEL,
P_W3171088343,Paper,2021.0,MT2021,NOVEL,
P_W3212217304,Paper,2021.0,MT2021,NOVEL,
P_W3200870953,Paper,2021.0,MT2021,NOVEL,
P_W4225433982,Paper,2021.0,MT2021,NOVEL,
P_W3199756813,Paper,2021.0,MT2021,NOVEL,
P_W3201109365,Paper,2021.0,MT2021,NOVEL,
P_W4286982966,Paper,2021.0,MT2021,NOVEL,
P_W3217576620,Paper,2021.0,MT2021,NOVEL,
P_W4287031370,Paper,2021.0,MT2021,NOVEL,
P_W3088631993,Paper,2021.0,MT2021,NOVEL,
P_W3094519420,Paper,2021.0,MT2021,NOVEL,
P_W3153391445,Paper,2021.0,MT2021,NOVEL,
P_W3196399619,Paper,2021.0,MT2021,NOVEL,
P_W3135297713,Paper,2021.0,MT2021,NOVEL,
P_W3163353020,Paper,2021.0,MT2021,NOVEL,
P_W3200829979,Paper,2021.0,MT2021,NOVEL,
P_W3161838540,Paper,2021.0,MT2021,NOVEL,
P_W3201244947,Paper,2021.0,MT2021,NOVEL,
P_W3180482706,Paper,2021.0,QA2021,NOVEL,
P_W3175139183,Paper,2021.0,QA2021,NOVEL,
P_W3174114019,Paper,2021.0,QA2021,NOVEL,
P_W3174001836,Paper,2021.0,QA2021,NOVEL,
P_W3155987919,Paper,2021.0,QA2021,NOVEL,
P_W3211727363,Paper,2021.0,QA2021,NOVEL,
P_W3214728508,Paper,2021.0,QA2021,NOVEL,
P_W3212063449,Paper,2021.0,QA2021,NOVEL,
P_W3199051863,Paper,2021.0,QA2021,NOVEL,
P_W3185818152,Paper,2021.0,QA2021,NOVEL,
P_W3209701493,Paper,2021.0,QA2021,NOVEL,
P_W3176454275,Paper,2021.0,QA2021,NOVEL,
P_W3118850317,Paper,2021.0,QA2021,NOVEL,
P_W3176069778,Paper,2021.0,QA2021,NOVEL,
P_W3211867455,Paper,2021.0,QA2021,NOVEL,
P_W3173277859,Paper,2021.0,QA2021,NOVEL,
P_W3173947338,Paper,2021.0,QA2021,NOVEL,
P_W3174986053,Paper,2021.0,QA2021,NOVEL,
P_W3175855363,Paper,2021.0,QA2021,NOVEL,
P_W3176956817,Paper,2021.0,QA2021,NOVEL,
P_W3210877910,Paper,2021.0,QA2021,NOVEL,
P_W3198963570,Paper,2021.0,QA2021,NOVEL,
P_W3212129137,Paper,2021.0,QA2021,NOVEL,
P_W3213546938,Paper,2021.0,QA2021,NOVEL,
P_W3170002521,Paper,2021.0,QA2021,NOVEL,
P_W3173699110,Paper,2021.0,QA2021,NOVEL,
P_W3173446720,Paper,2021.0,QA2021,NOVEL,
P_W3174515829,Paper,2021.0,QA2021,NOVEL,
P_W3211443367,Paper,2021.0,QA2021,NOVEL,
P_W3211978380,Paper,2021.0,QA2021,NOVEL,
P_W3175134214,Paper,2021.0,QA2021,NOVEL,
P_W3201266133,Paper,2021.0,QA2021,NOVEL,
P_W3156128319,Paper,2021.0,QA2021,NOVEL,
P_W3199995361,Paper,2021.0,QA2021,NOVEL,
P_W3211660723,Paper,2021.0,QA2021,NOVEL,
P_W3177355445,Paper,2021.0,QA2021,NOVEL,
P_W3175042000,Paper,2021.0,QA2021,NOVEL,
P_W3214184275,Paper,2021.0,QA2021,NOVEL,
P_W3214319339,Paper,2021.0,QA2021,NOVEL,
P_W3211399536,Paper,2021.0,QA2021,NOVEL,
P_W3175795662,Paper,2021.0,QA2021,NOVEL,
P_W3199087338,Paper,2021.0,QA2021,NOVEL,
P_W3173183370,Paper,2021.0,QA2021,NOVEL,
P_W3176015924,Paper,2021.0,QA2021,NOVEL,
P_W3176765152,Paper,2021.0,QA2021,NOVEL,
P_W3177308635,Paper,2021.0,QA2021,NOVEL,
P_W3173361789,Paper,2021.0,QA2021,NOVEL,
P_W3204669968,Paper,2021.0,QA2021,NOVEL,
P_W3201233724,Paper,2021.0,QA2021,NOVEL,
P_W3213159541,Paper,2021.0,QA2021,NOVEL,
P_W3177334331,Paper,2021.0,QA2021,NOVEL,
P_W3196692796,Paper,2021.0,QA2021,NOVEL,
P_W3199231060,Paper,2021.0,QA2021,NOVEL,
P_W3172235371,Paper,2021.0,QA2021,NOVEL,
P_W3196798856,Paper,2021.0,QA2021,NOVEL,
P_W3119437245,Paper,2021.0,QA2021,NOVEL,
P_W3168292164,Paper,2021.0,QA2021,NOVEL,
P_W3174256071,Paper,2021.0,QA2021,NOVEL,
P_W3212152676,Paper,2021.0,QA2021,NOVEL,
P_W3156650996,Paper,2021.0,QA2021,NOVEL,
P_W3094018637,Paper,2021.0,QA2021,NOVEL,
P_W3212438831,Paper,2021.0,QA2021,NOVEL,
P_W3174481471,Paper,2021.0,QA2021,NOVEL,
P_W3199011812,Paper,2021.0,QA2021,NOVEL,
P_W3176627646,Paper,2021.0,QA2021,NOVEL,
P_W3201654914,Paper,2021.0,QA2021,NOVEL,
P_W3165085252,Paper,2021.0,QA2021,NOVEL,
P_W3177445028,Paper,2021.0,QA2021,NOVEL,
P_W3153947101,Paper,2021.0,QA2021,NOVEL,
P_W3155014524,Paper,2021.0,QA2021,NOVEL,
P_W3197642906,Paper,2021.0,QA2021,NOVEL,
P_W3199020415,Paper,2021.0,QA2021,NOVEL,
P_W3198210142,Paper,2021.0,QA2021,NOVEL,
P_W3153924949,Paper,2021.0,QA2021,NOVEL,
P_W3212648282,Paper,2021.0,QA2021,NOVEL,
P_W3212472206,Paper,2021.0,QA2021,NOVEL,
P_W3201132216,Paper,2021.0,QA2021,NOVEL,
P_W3202465916,Paper,2021.0,QA2021,NOVEL,
P_W3212066909,Paper,2021.0,QA2021,NOVEL,
P_W3207431201,Paper,2021.0,QA2021,NOVEL,
P_W3197907569,Paper,2021.0,QA2021,NOVEL,
P_W3213325056,Paper,2021.0,QA2021,NOVEL,
P_W3213649778,Paper,2021.0,QA2021,NOVEL,
P_W3203807186,Paper,2021.0,QA2021,NOVEL,
P_W3171328357,Paper,2021.0,QA2021,NOVEL,
P_W3166035055,Paper,2021.0,SA2021,NOVEL,
P_W3086870931,Paper,2021.0,SA2021,NOVEL,
P_W3168251909,Paper,2021.0,SA2021,NOVEL,
P_W3167369375,Paper,2021.0,SA2021,NOVEL,
P_W3172726328,Paper,2021.0,SA2021,NOVEL,
P_W3170027656,Paper,2021.0,SA2021,NOVEL,
P_W3167381341,Paper,2021.0,SA2021,NOVEL,
P_W3091447003,Paper,2021.0,SA2021,NOVEL,
P_W3117309749,Paper,2021.0,SA2021,NOVEL,
P_W3176038554,Paper,2021.0,SA2021,NOVEL,
P_W3211727363,Paper,2021.0,SA2021,NOVEL,
P_W3142774842,Paper,2021.0,SA2021,NOVEL,
P_W3214728508,Paper,2021.0,SA2021,NOVEL,
P_W3168046227,Paper,2021.0,SA2021,NOVEL,
P_W3093191103,Paper,2021.0,SA2021,NOVEL,
P_W3209701493,Paper,2021.0,SA2021,NOVEL,
P_W3171429818,Paper,2021.0,SA2021,NOVEL,
P_W3167287584,Paper,2021.0,SA2021,NOVEL,
P_W3163149064,Paper,2021.0,SA2021,NOVEL,
P_W3211867455,Paper,2021.0,SA2021,NOVEL,
P_W3168715221,Paper,2021.0,SA2021,NOVEL,
P_W3170752662,Paper,2021.0,SA2021,NOVEL,
P_W3176197839,Paper,2021.0,SA2021,NOVEL,
P_W3166191966,Paper,2021.0,SA2021,NOVEL,
P_W3174517569,Paper,2021.0,SA2021,NOVEL,
P_W3156472912,Paper,2021.0,SA2021,NOVEL,
P_W3174994995,Paper,2021.0,SA2021,NOVEL,
P_W3211443367,Paper,2021.0,SA2021,NOVEL,
P_W3169965252,Paper,2021.0,SA2021,NOVEL,
P_W3211978380,Paper,2021.0,SA2021,NOVEL,
P_W3153255730,Paper,2021.0,SA2021,NOVEL,
P_W3214184275,Paper,2021.0,SA2021,NOVEL,
P_W3206646281,Paper,2021.0,SA2021,NOVEL,
P_W3214319339,Paper,2021.0,SA2021,NOVEL,
P_W3166080117,Paper,2021.0,SA2021,NOVEL,
P_W3211399536,Paper,2021.0,SA2021,NOVEL,
P_W3153839026,Paper,2021.0,SA2021,NOVEL,
P_W3161820423,Paper,2021.0,SA2021,NOVEL,
P_W3176920001,Paper,2021.0,SA2021,NOVEL,
P_W3172053684,Paper,2021.0,SA2021,NOVEL,
P_W3134521268,Paper,2021.0,SA2021,NOVEL,
P_W3022977805,Paper,2021.0,SA2021,NOVEL,
P_W3177085913,Paper,2021.0,SA2021,NOVEL,
P_W3170560353,Paper,2021.0,SA2021,NOVEL,
P_W3138967041,Paper,2021.0,SA2021,NOVEL,
P_W3092307876,Paper,2021.0,SA2021,NOVEL,
P_W3169111764,Paper,2021.0,SA2021,NOVEL,
P_W3172335055,Paper,2021.0,SA2021,NOVEL,
P_W3172164603,Paper,2021.0,SA2021,NOVEL,
P_W3166938950,Paper,2021.0,SA2021,NOVEL,
P_W3168875417,Paper,2021.0,SA2021,NOVEL,
P_W3168201256,Paper,2021.0,SA2021,NOVEL,
P_W3169937871,Paper,2021.0,SA2021,NOVEL,
P_W3094629427,Paper,2021.0,SA2021,NOVEL,
P_W3170739233,Paper,2021.0,SA2021,NOVEL,
P_W3176719207,Paper,2021.0,SA2021,NOVEL,
P_W3196692796,Paper,2021.0,SA2021,NOVEL,
P_W3198664752,Paper,2021.0,SA2021,NOVEL,
P_W3212152676,Paper,2021.0,SA2021,NOVEL,
P_W3213193683,Paper,2021.0,SA2021,NOVEL,
P_W3173171735,Paper,2021.0,SA2021,NOVEL,
P_W3212472206,Paper,2021.0,SA2021,NOVEL,
P_W3201132216,Paper,2021.0,SA2021,NOVEL,
P_W3198512197,Paper,2021.0,SA2021,NOVEL,
P_W3202465916,Paper,2021.0,SA2021,NOVEL,
P_W3202729335,Paper,2021.0,SA2021,NOVEL,
P_W3212066909,Paper,2021.0,SA2021,NOVEL,
P_W3207431201,Paper,2021.0,SA2021,NOVEL,
P_W3154697502,Paper,2021.0,SA2021,NOVEL,
P_W3169223343,Paper,2021.0,SA2021,NOVEL,
P_W3214464111,Paper,2021.0,Sum2021,NOVEL,
P_W3173891689,Paper,2021.0,Sum2021,NOVEL,
P_W3168251909,Paper,2021.0,Sum2021,NOVEL,
P_W3200823184,Paper,2021.0,Sum2021,NOVEL,
P_W3167002470,Paper,2021.0,Sum2021,NOVEL,
P_W3169613483,Paper,2021.0,Sum2021,NOVEL,
P_W3170490008,Paper,2021.0,Sum2021,NOVEL,
P_W3170658419,Paper,2021.0,Sum2021,NOVEL,
P_W3152781945,Paper,2021.0,Sum2021,NOVEL,
P_W3176770275,Paper,2021.0,Sum2021,NOVEL,
P_W3198534342,Paper,2021.0,Sum2021,NOVEL,
P_W3173886731,Paper,2021.0,Sum2021,NOVEL,
P_W3213441987,Paper,2021.0,Sum2021,NOVEL,
P_W3173210704,Paper,2021.0,Sum2021,NOVEL,
P_W3176125464,Paper,2021.0,Sum2021,NOVEL,
P_W3205231586,Paper,2021.0,Sum2021,NOVEL,
P_W3183222847,Paper,2021.0,Sum2021,NOVEL,
P_W3153151335,Paper,2021.0,Sum2021,NOVEL,
P_W3212110048,Paper,2021.0,Sum2021,NOVEL,
P_W3175889193,Paper,2021.0,Sum2021,NOVEL,
P_W3176503701,Paper,2021.0,Sum2021,NOVEL,
P_W3186721116,Paper,2021.0,Sum2021,NOVEL,
P_W3176332746,Paper,2021.0,Sum2021,NOVEL,
P_W3211495814,Paper,2021.0,Sum2021,NOVEL,
P_W3173483720,Paper,2021.0,Sum2021,NOVEL,
P_W3211389291,Paper,2021.0,Sum2021,NOVEL,
P_W3196992070,Paper,2021.0,Sum2021,NOVEL,
P_W3211383439,Paper,2021.0,Sum2021,NOVEL,
P_W3214646912,Paper,2021.0,Sum2021,NOVEL,
P_W3175134214,Paper,2021.0,Sum2021,NOVEL,
P_W3176675602,Paper,2021.0,Sum2021,NOVEL,
P_W3201266133,Paper,2021.0,Sum2021,NOVEL,
P_W3177140869,Paper,2021.0,Sum2021,NOVEL,
P_W3198548340,Paper,2021.0,Sum2021,NOVEL,
P_W3168784392,Paper,2021.0,Sum2021,NOVEL,
P_W3157155291,Paper,2021.0,Sum2021,NOVEL,
P_W3157230343,Paper,2021.0,Sum2021,NOVEL,
P_W3170702395,Paper,2021.0,Sum2021,NOVEL,
P_W3169934147,Paper,2021.0,Sum2021,NOVEL,
P_W3169854140,Paper,2021.0,Sum2021,NOVEL,
P_W3173001334,Paper,2021.0,Sum2021,NOVEL,
P_W3172540065,Paper,2021.0,Sum2021,NOVEL,
P_W3169565655,Paper,2021.0,Sum2021,NOVEL,
P_W3176030234,Paper,2021.0,Sum2021,NOVEL,
P_W3176659426,Paper,2021.0,Sum2021,NOVEL,
P_W3171639395,Paper,2021.0,Sum2021,NOVEL,
P_W3171138269,Paper,2021.0,Sum2021,NOVEL,
P_W3164275410,Paper,2021.0,Sum2021,NOVEL,
P_W3172210712,Paper,2021.0,Sum2021,NOVEL,
P_W3169336846,Paper,2021.0,Sum2021,NOVEL,
P_W3213047794,Paper,2021.0,Sum2021,NOVEL,
P_W3199088047,Paper,2021.0,Sum2021,NOVEL,
P_W3198630314,Paper,2021.0,Sum2021,NOVEL,
P_W3136085548,Paper,2021.0,Sum2021,NOVEL,
P_W3212362289,Paper,2021.0,Sum2021,NOVEL,
P_W3199926081,Paper,2021.0,Sum2021,NOVEL,
P_W3172939667,Paper,2021.0,Sum2021,NOVEL,
P_W3177242492,Paper,2021.0,Sum2021,NOVEL,
P_W3174564679,Paper,2021.0,Sum2021,NOVEL,
P_W3175689281,Paper,2021.0,Sum2021,NOVEL,
P_W3176266728,Paper,2021.0,Sum2021,NOVEL,
P_W3167847339,Paper,2021.0,Sum2021,NOVEL,
P_W3172762059,Paper,2021.0,Sum2021,NOVEL,
P_W3093860409,Paper,2021.0,Sum2021,NOVEL,
P_W3141940864,Paper,2021.0,Sum2021,NOVEL,
P_W4206445734,Paper,2021.0,Sum2021,NOVEL,
P_W3199944664,Paper,2021.0,Sum2021,NOVEL,
P_W3197792581,Paper,2021.0,Sum2021,NOVEL,
P_W3198148596,Paper,2021.0,Sum2021,NOVEL,
P_W3199527540,Paper,2021.0,Sum2021,NOVEL,
P_W3214070452,Paper,2021.0,Sum2021,NOVEL,
P_W3152075273,Paper,2021.0,Sum2021,NOVEL,
P_W3196326437,Paper,2021.0,Sum2021,NOVEL,
P_W3204515301,Paper,2021.0,Sum2021,NOVEL,
P_W2751927167,Paper,2017.0,Dia,SKG,
P_W3035451444,Paper,2020.0,Dia,SKG,
P_W2739836841,Paper,2017.0,Dia,SKG,
P_W2141850391,Paper,2010.0,Dia,SKG,
P_W2176271827,Paper,2011.0,Dia,SKG,
P_W2132635911,Paper,2011.0,Dia,SKG,
P_W2741333084,Paper,2017.0,Dia,SKG,
P_W2098068119,Paper,2011.0,Dia,SKG,
P_W2177928409,Paper,2012.0,Dia,SKG,
P_W2110665546,Paper,2012.0,Dia,SKG,
P_W2984342455,Paper,2019.0,Dia,SKG,
P_W2250886777,Paper,2014.0,Dia,SKG,
P_W3034643843,Paper,2020.0,Dia,SKG,
P_W2565875961,Paper,2016.0,Dia,SKG,
P_W2789327587,Paper,2018.0,Dia,SKG,
P_W2110450943,Paper,2011.0,Dia,SKG,
P_W2154359064,Paper,2014.0,Dia,SKG,
P_W2963969444,Paper,2017.0,Dia,SKG,
P_W3098595900,Paper,2020.0,Dia,SKG,
P_W2970444947,Paper,2019.0,Dia,SKG,
P_W2798753108,Paper,2018.0,Dia,SKG,
P_W2970603474,Paper,2019.0,Dia,SKG,
P_W2963521540,Paper,2019.0,Dia,SKG,
P_W2970529793,Paper,2019.0,Dia,SKG,
P_W3100523370,Paper,2020.0,Dia,SKG,
P_W36598718,Paper,2010.0,Dia,SKG,
P_W2963167310,Paper,2016.0,Dia,SKG,
P_W2251859459,Paper,2013.0,Dia,SKG,
P_W2971190479,Paper,2019.0,Dia,SKG,
P_W2889844776,Paper,2018.0,Dia,SKG,
P_W2508347479,Paper,2016.0,Dia,SKG,
P_W3020990315,Paper,2020.0,Dia,SKG,
P_W2971160427,Paper,2019.0,Dia,SKG,
P_W2970866659,Paper,2019.0,Dia,SKG,
P_W3034446185,Paper,2020.0,Dia,SKG,
P_W2250403639,Paper,2015.0,Dia,SKG,
P_W3035044096,Paper,2020.0,Dia,SKG,
P_W2798914047,Paper,2018.0,Dia,SKG,
P_W2963283951,Paper,2018.0,Dia,SKG,
P_W2798367796,Paper,2018.0,Dia,SKG,
P_W2799176105,Paper,2018.0,Dia,SKG,
P_W2970260827,Paper,2019.0,Dia,SKG,
P_W2951872986,Paper,2019.0,Dia,SKG,
P_W90998288,Paper,2012.0,Dia,SKG,
P_W2739936944,Paper,2017.0,Dia,SKG,
P_W2921671634,Paper,2019.0,Dia,SKG,
P_W3099289136,Paper,2020.0,Dia,SKG,
P_W3102037269,Paper,2020.0,Dia,SKG,
P_W3101469874,Paper,2020.0,Dia,SKG,
P_W3102521862,Paper,2020.0,Dia,SKG,
P_W2927341038,Paper,2019.0,Dia,SKG,
P_W3087176213,Paper,2020.0,Dia,SKG,
P_W3104842848,Paper,2020.0,Dia,SKG,
P_W2564880510,Paper,2016.0,Dia,SKG,
P_W3101471490,Paper,2020.0,Dia,SKG,
P_W3099088459,Paper,2020.0,Dia,SKG,
P_W3103179916,Paper,2020.0,Dia,SKG,
P_W2971222961,Paper,2019.0,Dia,SKG,
P_W2510141903,Paper,2016.0,Dia,SKG,
P_W2291723583,Paper,2016.0,Dia,SKG,
P_W2963217826,Paper,2017.0,Dia,SKG,
P_W2166385930,Paper,2013.0,Dia,SKG,
P_W2432549722,Paper,2017.0,Dia,SKG,
P_W2096842749,Paper,2013.0,Dia,SKG,
P_W2464112344,Paper,2016.0,Dia,SKG,
P_W3019549080,Paper,2020.0,Dia,SKG,
P_W2158162461,Paper,2011.0,Dia,SKG,
P_W2803503442,Paper,2018.0,Dia,SKG,
P_W2955818920,Paper,2019.0,Dia,SKG,
P_W2804621770,Paper,2018.0,Dia,SKG,
P_W2252233446,Paper,2011.0,Dia,SKG,
P_W2913456495,Paper,2018.0,Dia,SKG,
P_W3037301809,Paper,2020.0,Dia,SKG,
P_W3099382298,Paper,2020.0,Dia,SKG,
P_W2970558499,Paper,2019.0,Dia,SKG,
P_W2948395244,Paper,2019.0,Dia,SKG,
P_W2967715169,Paper,2019.0,Dia,SKG,
P_W3035239386,Paper,2020.0,Dia,SKG,
P_W2963567240,Paper,2018.0,Dia,SKG,
P_W2972647025,Paper,2019.0,Dia,SKG,
P_W2970960706,Paper,2019.0,Dia,SKG,
P_W2971236040,Paper,2019.0,Dia,SKG,
P_W2508101854,Paper,2016.0,Dia,SKG,
P_W2804780446,Paper,2018.0,Dia,SKG,
P_W2970579055,Paper,2019.0,Dia,SKG,
P_W2970404807,Paper,2019.0,Dia,SKG,
P_W2172098051,Paper,2010.0,Dia,SKG,
P_W2952813980,Paper,2019.0,Dia,SKG,
P_W3037879762,Paper,2020.0,Dia,SKG,
P_W2104300420,Paper,2010.0,Dia,SKG,
P_W1762781512,Paper,2012.0,Dia,SKG,
P_W2970168865,Paper,2019.0,Dia,SKG,
P_W1948566616,Paper,2015.0,Dia,SKG,
P_W2970182362,Paper,2019.0,Dia,SKG,
P_W2798494119,Paper,2018.0,Dia,SKG,
P_W2970799419,Paper,2019.0,Dia,SKG,
P_W2970688662,Paper,2019.0,Dia,SKG,
P_W2963825865,Paper,2018.0,Dia,SKG,
P_W3105184920,Paper,2020.0,Dia,SKG,
P_W3101319477,Paper,2020.0,Dia,SKG,
P_W3089529423,Paper,2020.0,Dia,SKG,
P_W3101227179,Paper,2020.0,Dia,SKG,
P_W2803728898,Paper,2018.0,Dia,SKG,
P_W2970377674,Paper,2019.0,Dia,SKG,
P_W3022592851,Paper,2020.0,Dia,SKG,
P_W3027013254,Paper,2020.0,Dia,SKG,
P_W2985799198,Paper,2020.0,Dia,SKG,
P_W2972792208,Paper,2019.0,Dia,SKG,
P_W2740595206,Paper,2017.0,Dia,SKG,
P_W2581637843,Paper,2017.0,Dia,SKG,
P_W2963903950,Paper,2016.0,Dia,SKG,
P_W3103779719,Paper,2020.0,Dia,SKG,
P_W2963064439,Paper,2016.0,Dia,SKG,
P_W2756640946,Paper,2017.0,Dia,SKG,
P_W2963412005,Paper,2016.0,Dia,SKG,
P_W3104546989,Paper,2017.0,Dia,SKG,
P_W3092134391,Paper,2020.0,Dia,SKG,
P_W2979874872,Paper,2019.0,Dia,SKG,
P_W2739484150,Paper,2017.0,Dia,SKG,
P_W3099140977,Paper,2020.0,Dia,SKG,
P_W3088955686,Paper,2020.0,Dia,SKG,
P_W2963140401,Paper,2018.0,Dia,SKG,
P_W2963170138,Paper,2018.0,Dia,SKG,
P_W2759104452,Paper,2017.0,Dia,SKG,
P_W2252199413,Paper,2015.0,Dia,SKG,
P_W3102260352,Paper,2020.0,Dia,SKG,
P_W2987380573,Paper,2019.0,Dia,SKG,
P_W3037142412,Paper,2020.0,Dia,SKG,
P_W3104777900,Paper,2020.0,Dia,SKG,
P_W3100128199,Paper,2020.0,Dia,SKG,
P_W3104123491,Paper,2020.0,Dia,SKG,
P_W3103857453,Paper,2020.0,Dia,SKG,
P_W3099890447,Paper,2020.0,Dia,SKG,
P_W3092384712,Paper,2020.0,Dia,SKG,
P_W3099605929,Paper,2020.0,Dia,SKG,
P_W2952100657,Paper,2019.0,Dia,SKG,
P_W2966371977,Paper,2019.0,Dia,SKG,
P_W3105732730,Paper,2020.0,Dia,SKG,
P_W3102445752,Paper,2020.0,Dia,SKG,
P_W2890727862,Paper,2018.0,Dia,SKG,
P_W3098258760,Paper,2020.0,Dia,SKG,
P_W2890394457,Paper,2018.0,Dia,SKG,
P_W3120948726,Paper,2020.0,Dia,SKG,
P_W2956901422,Paper,2019.0,Dia,SKG,
P_W2149761167,Paper,2014.0,Dia,SKG,
P_W2122203928,Paper,2010.0,Dia,SKG,
P_W2807186566,Paper,2018.0,Dia,SKG,
P_W2593696076,Paper,2017.0,Dia,SKG,
P_W2963641152,Paper,2018.0,Dia,SKG,
P_W3105781833,Paper,2020.0,Dia,SKG,
P_W2971316210,Paper,2019.0,Dia,SKG,
P_W3105049371,Paper,2020.0,Dia,SKG,
P_W3092342765,Paper,2020.0,Dia,SKG,
P_W2740191615,Paper,2017.0,Dia,SKG,
P_W2970438359,Paper,2019.0,Dia,SKG,
P_W2990563493,Paper,2020.0,Dia,SKG,
P_W3087025499,Paper,2020.0,Dia,SKG,
P_W2926587947,Paper,2019.0,Dia,SKG,
P_W3104257895,Paper,2020.0,Dia,SKG,
P_W2886305736,Paper,2018.0,Dia,SKG,
P_W3092118756,Paper,2020.0,Dia,SKG,
P_W2945554776,Paper,2019.0,Dia,SKG,
P_W2997416967,Paper,2020.0,Dia,SKG,
P_W3103942726,Paper,2020.0,Dia,SKG,
P_W2910458567,Paper,2019.0,Dia,SKG,
P_W2169484664,Paper,2013.0,Dia,SKG,
P_W2951650631,Paper,2019.0,Dia,SKG,
P_W2962896208,Paper,2019.0,Dia,SKG,
P_W2962989446,Paper,2019.0,Dia,SKG,
P_W2949476504,Paper,2019.0,Dia,SKG,
P_W3100938283,Paper,2020.0,Dia,SKG,
P_W2988157054,Paper,2019.0,Dia,SKG,
P_W2949782788,Paper,2019.0,Dia,SKG,
P_W2931751229,Paper,2019.0,Dia,SKG,
P_W2964046296,Paper,2019.0,Dia,SKG,
P_W2945614092,Paper,2019.0,Dia,SKG,
P_W2988222679,Paper,2019.0,Dia,SKG,
P_W2929767294,Paper,2019.0,Dia,SKG,
P_W2250983004,Paper,2013.0,Dia,SKG,
P_W3037206439,Paper,2020.0,Dia,SKG,
P_W2898790713,Paper,2018.0,Dia,SKG,
P_W2952855649,Paper,2019.0,Dia,SKG,
P_W3089264639,Paper,2020.0,Dia,SKG,
P_W3105480731,Paper,2020.0,Dia,SKG,
P_W3035473672,Paper,2020.0,Dia,SKG,
P_W3100532709,Paper,2020.0,Dia,SKG,
P_W3098314733,Paper,2020.0,Dia,SKG,
P_W2250895046,Paper,2012.0,Dia,SKG,
P_W2889186204,Paper,2018.0,Dia,SKG,
P_W2741675028,Paper,2017.0,Dia,SKG,
P_W2891704263,Paper,2018.0,Dia,SKG,
P_W3035068109,Paper,2020.0,Dia,SKG,
P_W2963797754,Paper,2017.0,Dia,SKG,
P_W2131354864,Paper,2011.0,Dia,SKG,
P_W3035566559,Paper,2020.0,Dia,SKG,
P_W3034599929,Paper,2020.0,Dia,SKG,
P_W2620635248,Paper,2017.0,Dia,SKG,
P_W2963068985,Paper,2017.0,Dia,SKG,
P_W3035259249,Paper,2020.0,Dia,SKG,
P_W2985891764,Paper,2019.0,Dia,SKG,
P_W2969117066,Paper,2019.0,Dia,SKG,
P_W2970110247,Paper,2019.0,Dia,SKG,
P_W2891744372,Paper,2018.0,Dia,SKG,
P_W1796449931,Paper,2010.0,Dia,SKG,
P_W3100584004,Paper,2020.0,Dia,SKG,
P_W2890719433,Paper,2018.0,Dia,SKG,
P_W2152342063,Paper,2014.0,Dia,SKG,
P_W2160736451,Paper,2010.0,Dia,SKG,
P_W2899035231,Paper,2018.0,Dia,SKG,
P_W3034950505,Paper,2020.0,Dia,SKG,
P_W2250579414,Paper,2012.0,Dia,SKG,
P_W2251949648,Paper,2014.0,Dia,SKG,
P_W2963795756,Paper,2019.0,Dia,SKG,
P_W3034520363,Paper,2020.0,Dia,SKG,
P_W2971066408,Paper,2019.0,Dia,SKG,
P_W3035356453,Paper,2020.0,Dia,SKG,
P_W2972214295,Paper,2019.0,Dia,SKG,
P_W3034720580,Paper,2020.0,Dia,SKG,
P_W3025611493,Paper,2020.0,Dia,SKG,
P_W3035314827,Paper,2020.0,Dia,SKG,
P_W2518257277,Paper,2016.0,Dia,SKG,
P_W3100995786,Paper,2020.0,Dia,SKG,
P_W2296330515,Paper,2015.0,Dia,SKG,
P_W3105205406,Paper,2020.0,Dia,SKG,
P_W2951697502,Paper,2019.0,Dia,SKG,
P_W3098694757,Paper,2020.0,Dia,SKG,
P_W2952267213,Paper,2019.0,Dia,SKG,
P_W2950801649,Paper,2019.0,Dia,SKG,
P_W3087232873,Paper,2020.0,Dia,SKG,
P_W3034573951,Paper,2020.0,Dia,SKG,
P_W2951450739,Paper,2019.0,Dia,SKG,
P_W2963594470,Paper,2019.0,Dia,SKG,
P_W2945978556,Paper,2019.0,Dia,SKG,
P_W2951855948,Paper,2019.0,Dia,SKG,
P_W2891732163,Paper,2018.0,Dia,SKG,
P_W2950935477,Paper,2019.0,Dia,SKG,
P_W3034715226,Paper,2020.0,Dia,SKG,
P_W3035633461,Paper,2020.0,Dia,SKG,
P_W3035282664,Paper,2020.0,Dia,SKG,
P_W2952728748,Paper,2019.0,Dia,SKG,
P_W3034330559,Paper,2020.0,Dia,SKG,
P_W2952607215,Paper,2019.0,Dia,SKG,
P_W3035470414,Paper,2020.0,Dia,SKG,
P_W3034408002,Paper,2020.0,Dia,SKG,
P_W2934890006,Paper,2019.0,Dia,SKG,
P_W2251734436,Paper,2012.0,Dia,SKG,
P_W2740135329,Paper,2017.0,Dia,SKG,
P_W3038061735,Paper,2020.0,Dia,SKG,
P_W2805116311,Paper,2018.0,Dia,SKG,
P_W3035594326,Paper,2020.0,Dia,SKG,
P_W3117170115,Paper,2020.0,Dia,SKG,
P_W51070445,Paper,2012.0,Dia,SKG,
P_W3034930293,Paper,2020.0,Dia,SKG,
P_W3035072597,Paper,2020.0,Dia,SKG,
P_W3035148359,Paper,2020.0,Dia,SKG,
P_W3034956542,Paper,2020.0,Dia,SKG,
P_W3035194816,Paper,2020.0,Dia,SKG,
P_W3035337525,Paper,2020.0,Dia,SKG,
P_W3100355408,Paper,2020.0,Dia,SKG,
P_W69918181,Paper,2013.0,Dia,SKG,
P_W3099590177,Paper,2020.0,Dia,SKG,
P_W2964226791,Paper,2019.0,Dia,SKG,
P_W3106007100,Paper,2020.0,Dia,SKG,
P_W3100110884,Paper,2020.0,Dia,SKG,
P_W3098158595,Paper,2020.0,Dia,SKG,
P_W3098199128,Paper,2020.0,Dia,SKG,
P_W3106495716,Paper,2020.0,Dia,SKG,
P_W3103621832,Paper,2020.0,Dia,SKG,
P_W2806600904,Paper,2018.0,Dia,SKG,
P_W22324100,Paper,2012.0,Dia,SKG,
P_W2250353434,Paper,2014.0,Dia,SKG,
P_W3100955355,Paper,2020.0,Dia,SKG,
P_W2889636191,Paper,2018.0,Dia,SKG,
P_W3098379431,Paper,2020.0,Dia,SKG,
P_W3105218667,Paper,2020.0,Dia,SKG,
P_W3101223450,Paper,2020.0,Dia,SKG,
P_W2576639250,Paper,2017.0,Dia,SKG,
P_W3103837004,Paper,2020.0,Dia,SKG,
P_W2888093771,Paper,2018.0,Dia,SKG,
P_W2973302203,Paper,2019.0,Dia,SKG,
P_W2607380417,Paper,2017.0,Dia,SKG,
P_W2945475330,Paper,2019.0,Dia,SKG,
P_W2583461040,Paper,2017.0,Dia,SKG,
P_W2160458012,Paper,2012.0,Dia,SKG,
P_W2805807693,Paper,2018.0,Dia,SKG,
P_W3100963818,Paper,2020.0,Dia,SKG,
P_W2949413855,Paper,2019.0,Dia,SKG,
P_W3101068439,Paper,2020.0,Dia,SKG,
P_W2741802726,Paper,2017.0,Dia,SKG,
P_W1542146969,Paper,2010.0,Dia,SKG,
P_W2295390415,Paper,2015.0,Dia,SKG,
P_W2251061562,Paper,2014.0,Dia,SKG,
P_W2805005636,Paper,2018.0,Dia,SKG,
P_W2964133280,Paper,2017.0,Dia,SKG,
P_W2169218343,Paper,2010.0,Dia,SKG,
P_W2140326960,Paper,2012.0,Dia,SKG,
P_W2157134106,Paper,2010.0,Dia,SKG,
P_W2429300145,Paper,2016.0,Dia,SKG,
P_W2252212355,Paper,2012.0,Dia,SKG,
P_W2963983466,Paper,2017.0,Dia,SKG,
P_W2509717730,Paper,2016.0,Dia,SKG,
P_W3101131512,Paper,2020.0,Dia,SKG,
P_W2986265153,Paper,2020.0,MT,SKG,
P_W3037469336,Paper,2020.0,MT,SKG,
P_W4230239024,Paper,2019.0,MT,SKG,
P_W4235036578,Paper,2019.0,MT,SKG,
P_W4404783913,Paper,2020.0,MT,SKG,
P_W2180484979,Paper,2013.0,MT,SKG,
P_W7126469411,Paper,2020.0,MT,SKG,
P_W4235805184,Paper,2019.0,MT,SKG,
P_W4249532968,Paper,2019.0,MT,SKG,
P_W4231667498,Paper,2019.0,MT,SKG,
P_W4256480710,Paper,2020.0,MT,SKG,
P_W2276787968,Paper,2010.0,MT,SKG,
P_W2891920428,Paper,2014.0,MT,SKG,
P_W4241499611,Paper,2017.0,MT,SKG,
P_W1519842253,Paper,2012.0,MT,SKG,
P_W2591804103,Paper,2011.0,MT,SKG,
P_W2914740698,Paper,2015.0,MT,SKG,
P_W2915824643,Paper,2018.0,MT,SKG,
P_W2970780025,Paper,2019.0,MT,SKG,
P_W2970134241,Paper,2019.0,MT,SKG,
P_W2316776689,Paper,2014.0,MT,SKG,
P_W2989400327,Paper,2019.0,MT,SKG,
P_W2284660317,Paper,2016.0,MT,SKG,
P_W3119629808,Paper,2020.0,MT,SKG,
P_W2950617329,Paper,2018.0,MT,SKG,
P_W3115997577,Paper,2020.0,MT,SKG,
P_W2124204950,Paper,2013.0,MT,SKG,
P_W3037625699,Paper,2020.0,MT,SKG,
P_W2517734237,Paper,2016.0,MT,SKG,
P_W2759274242,Paper,2017.0,MT,SKG,
P_W2154230184,Paper,2013.0,MT,SKG,
P_W3120179416,Paper,2020.0,MT,SKG,
P_W2529548870,Paper,2017.0,MT,SKG,
P_W2151594415,Paper,2012.0,MT,SKG,
P_W2573119710,Paper,2017.0,MT,SKG,
P_W2339995566,Paper,2016.0,MT,SKG,
P_W2970849641,Paper,2019.0,MT,SKG,
P_W2156641381,Paper,2012.0,MT,SKG,
P_W2589849056,Paper,2017.0,MT,SKG,
P_W3119152910,Paper,2020.0,MT,SKG,
P_W2337826259,Paper,2016.0,MT,SKG,
P_W2888519496,Paper,2018.0,MT,SKG,
P_W2890731353,Paper,2018.0,MT,SKG,
P_W2229833550,Paper,2016.0,MT,SKG,
P_W2539350388,Paper,2017.0,MT,SKG,
P_W2227523508,Paper,2016.0,MT,SKG,
P_W3092058109,Paper,2020.0,MT,SKG,
P_W2293400980,Paper,2015.0,MT,SKG,
P_W2294727331,Paper,2015.0,MT,SKG,
P_W2148861942,Paper,2010.0,MT,SKG,
P_W2887920589,Paper,2018.0,MT,SKG,
P_W2514698017,Paper,2016.0,MT,SKG,
P_W3118392022,Paper,2020.0,MT,SKG,
P_W2740514420,Paper,2017.0,MT,SKG,
P_W2798465082,Paper,2018.0,MT,SKG,
P_W2739563583,Paper,2017.0,MT,SKG,
P_W2890810021,Paper,2018.0,MT,SKG,
P_W3093157554,Paper,2020.0,MT,SKG,
P_W2294774419,Paper,2015.0,MT,SKG,
P_W2116792345,Paper,2011.0,MT,SKG,
P_W148573246,Paper,2012.0,MT,SKG,
P_W2581101319,Paper,2017.0,MT,SKG,
P_W2251943262,Paper,2014.0,MT,SKG,
P_W2152502689,Paper,2012.0,MT,SKG,
P_W2250489405,Paper,2013.0,MT,SKG,
P_W2741040846,Paper,2017.0,MT,SKG,
P_W2252161778,Paper,2014.0,MT,SKG,
P_W2156422881,Paper,2012.0,MT,SKG,
P_W44695385,Paper,2012.0,MT,SKG,
P_W90702309,Paper,2012.0,MT,SKG,
P_W2152752344,Paper,2013.0,MT,SKG,
P_W2964677330,Paper,2019.0,MT,SKG,
P_W2158762489,Paper,2011.0,MT,SKG,
P_W2737711067,Paper,2017.0,MT,SKG,
P_W2117325907,Paper,2012.0,MT,SKG,
P_W2250956062,Paper,2014.0,MT,SKG,
P_W2513529543,Paper,2016.0,MT,SKG,
P_W2971345947,Paper,2019.0,MT,SKG,
P_W2251466960,Paper,2014.0,MT,SKG,
P_W2971148473,Paper,2019.0,MT,SKG,
P_W3118699005,Paper,2020.0,MT,SKG,
P_W2110503409,Paper,2015.0,MT,SKG,
P_W2883374288,Paper,2018.0,MT,SKG,
P_W2917858329,Paper,2013.0,MT,SKG,
P_W2988680494,Paper,2019.0,MT,SKG,
P_W3118554287,Paper,2020.0,MT,SKG,
P_W3037277288,Paper,2020.0,MT,SKG,
P_W3028938056,Paper,2020.0,MT,SKG,
P_W2902646476,Paper,2018.0,MT,SKG,
P_W2250829189,Paper,2015.0,MT,SKG,
P_W2987863107,Paper,2019.0,MT,SKG,
P_W3118463587,Paper,2020.0,MT,SKG,
P_W2985204668,Paper,2019.0,MT,SKG,
P_W2466918907,Paper,2016.0,MT,SKG,
P_W2251302843,Paper,2013.0,MT,SKG,
P_W2252053087,Paper,2013.0,MT,SKG,
P_W186845358,Paper,2012.0,MT,SKG,
P_W2169218969,Paper,2013.0,MT,SKG,
P_W2472237015,Paper,2016.0,MT,SKG,
P_W2155965092,Paper,2013.0,MT,SKG,
P_W2252217186,Paper,2014.0,MT,SKG,
P_W2252065493,Paper,2013.0,MT,SKG,
P_W2143002608,Paper,2013.0,MT,SKG,
P_W2461231802,Paper,2016.0,MT,SKG,
P_W2185490708,Paper,2016.0,MT,SKG,
P_W2340762547,Paper,2016.0,MT,SKG,
P_W3034325332,Paper,2020.0,MT,SKG,
P_W3119078159,Paper,2020.0,MT,SKG,
P_W2106595396,Paper,2013.0,MT,SKG,
P_W3034489970,Paper,2020.0,MT,SKG,
P_W2798493043,Paper,2018.0,MT,SKG,
P_W2803484822,Paper,2018.0,MT,SKG,
P_W2798833929,Paper,2018.0,MT,SKG,
P_W2945719503,Paper,2019.0,MT,SKG,
P_W2953190730,Paper,2019.0,MT,SKG,
P_W2799051177,Paper,2018.0,MT,SKG,
P_W2767786195,Paper,2018.0,MT,SKG,
P_W2767019613,Paper,2018.0,MT,SKG,
P_W1786115493,Paper,2010.0,MT,SKG,
P_W2945059185,Paper,2019.0,MT,SKG,
P_W3120951354,Paper,2020.0,MT,SKG,
P_W3118643801,Paper,2020.0,MT,SKG,
P_W2251855842,Paper,2014.0,MT,SKG,
P_W2105174485,Paper,2011.0,MT,SKG,
P_W2122812810,Paper,2014.0,MT,SKG,
P_W3116912800,Paper,2020.0,MT,SKG,
P_W2804191098,Paper,2018.0,MT,SKG,
P_W2787384361,Paper,2019.0,MT,SKG,
P_W2976157090,Paper,2019.0,MT,SKG,
P_W2112544287,Paper,2014.0,MT,SKG,
P_W2970064096,Paper,2019.0,MT,SKG,
P_W2251050854,Paper,2014.0,MT,SKG,
P_W2900775615,Paper,2018.0,MT,SKG,
P_W2137550424,Paper,2010.0,MT,SKG,
P_W2971255462,Paper,2019.0,MT,SKG,
P_W2963603518,Paper,2017.0,MT,SKG,
P_W2956141336,Paper,2019.0,MT,SKG,
P_W3037460861,Paper,2020.0,MT,SKG,
P_W2147262247,Paper,2013.0,MT,SKG,
P_W2923622379,Paper,2019.0,MT,SKG,
P_W2797297135,Paper,2018.0,MT,SKG,
P_W2950428495,Paper,2019.0,MT,SKG,
P_W2952614664,Paper,2019.0,MT,SKG,
P_W2932618389,Paper,2019.0,MT,SKG,
P_W2963829526,Paper,2018.0,MT,SKG,
P_W2251044602,Paper,2015.0,MT,SKG,
P_W2250320700,Paper,2015.0,MT,SKG,
P_W2933350699,Paper,2019.0,MT,SKG,
P_W2962697716,Paper,2018.0,MT,SKG,
P_W2952153923,Paper,2019.0,MT,SKG,
P_W2163361328,Paper,2011.0,MT,SKG,
P_W2601324753,Paper,2018.0,MT,SKG,
P_W2250861721,Paper,2013.0,MT,SKG,
P_W2948197522,Paper,2019.0,MT,SKG,
P_W2250849168,Paper,2015.0,MT,SKG,
P_W2952474700,Paper,2019.0,MT,SKG,
P_W2251798853,Paper,2015.0,MT,SKG,
P_W2799920282,Paper,2018.0,MT,SKG,
P_W2294699749,Paper,2015.0,MT,SKG,
P_W2131969445,Paper,2011.0,MT,SKG,
P_W2475062008,Paper,2016.0,MT,SKG,
P_W2952682849,Paper,2019.0,MT,SKG,
P_W2250597803,Paper,2015.0,MT,SKG,
P_W2795429538,Paper,2018.0,MT,SKG,
P_W2962915948,Paper,2019.0,MT,SKG,
P_W2251468402,Paper,2015.0,MT,SKG,
P_W2141552696,Paper,2011.0,MT,SKG,
P_W2168677000,Paper,2014.0,MT,SKG,
P_W2803369080,Paper,2018.0,MT,SKG,
P_W3092100598,Paper,2020.0,MT,SKG,
P_W2126228600,Paper,2011.0,MT,SKG,
P_W2951997403,Paper,2019.0,MT,SKG,
P_W3118883478,Paper,2020.0,MT,SKG,
P_W2115056464,Paper,2013.0,MT,SKG,
P_W1838574496,Paper,2010.0,MT,SKG,
P_W1818782312,Paper,2011.0,MT,SKG,
P_W3119766379,Paper,2020.0,MT,SKG,
P_W2250414191,Paper,2015.0,MT,SKG,
P_W2121714637,Paper,2011.0,MT,SKG,
P_W2552839021,Paper,2017.0,MT,SKG,
P_W2970231882,Paper,2019.0,MT,SKG,
P_W1830628992,Paper,2012.0,MT,SKG,
P_W2252106864,Paper,2011.0,MT,SKG,
P_W2922158773,Paper,2018.0,MT,SKG,
P_W2122422241,Paper,2010.0,MT,SKG,
P_W2798047776,Paper,2018.0,MT,SKG,
P_W2952702888,Paper,2019.0,MT,SKG,
P_W3010250255,Paper,2020.0,MT,SKG,
P_W2760452458,Paper,2017.0,MT,SKG,
P_W2250508490,Paper,2014.0,MT,SKG,
P_W2594047108,Paper,2017.0,MT,SKG,
P_W3037322406,Paper,2020.0,MT,SKG,
P_W2146743387,Paper,2011.0,MT,SKG,
P_W2251212117,Paper,2014.0,MT,SKG,
P_W2954969798,Paper,2019.0,MT,SKG,
P_W2986769178,Paper,2019.0,MT,SKG,
P_W2586559132,Paper,2017.0,MT,SKG,
P_W2574872930,Paper,2017.0,MT,SKG,
P_W3117660151,Paper,2020.0,MT,SKG,
P_W2916222345,Paper,2015.0,MT,SKG,
P_W2167375373,Paper,2014.0,MT,SKG,
P_W3118469444,Paper,2020.0,MT,SKG,
P_W3092831871,Paper,2020.0,MT,SKG,
P_W2154591050,Paper,2011.0,MT,SKG,
P_W2251682575,Paper,2014.0,MT,SKG,
P_W2131367528,Paper,2010.0,MT,SKG,
P_W2250685329,Paper,2015.0,MT,SKG,
P_W2515116787,Paper,2016.0,MT,SKG,
P_W3120378683,Paper,2020.0,MT,SKG,
P_W2250969425,Paper,2015.0,MT,SKG,
P_W2461086874,Paper,2016.0,MT,SKG,
P_W2466876248,Paper,2016.0,MT,SKG,
P_W3120549770,Paper,2020.0,MT,SKG,
P_W2148365102,Paper,2011.0,MT,SKG,
P_W2964102148,Paper,2016.0,MT,SKG,
P_W3093907478,Paper,2020.0,MT,SKG,
P_W2471679455,Paper,2016.0,MT,SKG,
P_W2167265720,Paper,2011.0,MT,SKG,
P_W2471690557,Paper,2016.0,MT,SKG,
P_W3118955479,Paper,2020.0,MT,SKG,
P_W2251823395,Paper,2015.0,MT,SKG,
P_W2106565589,Paper,2014.0,MT,SKG,
P_W2469197239,Paper,2016.0,MT,SKG,
P_W3119867917,Paper,2020.0,MT,SKG,
P_W2970074184,Paper,2019.0,MT,SKG,
P_W2110168585,Paper,2013.0,MT,SKG,
P_W2250478613,Paper,2014.0,MT,SKG,
P_W2252077835,Paper,2014.0,MT,SKG,
P_W2252077779,Paper,2012.0,MT,SKG,
P_W2160913520,Paper,2010.0,MT,SKG,
P_W3135348217,Paper,2019.0,MT,SKG,
P_W2963599677,Paper,2017.0,MT,SKG,
P_W2207848871,Paper,2011.0,MT,SKG,
P_W2988739750,Paper,2019.0,MT,SKG,
P_W2949920209,Paper,2018.0,MT,SKG,
P_W1798130076,Paper,2010.0,MT,SKG,
P_W2757592053,Paper,2017.0,MT,SKG,
P_W2963311117,Paper,2017.0,MT,SKG,
P_W2971073020,Paper,2019.0,MT,SKG,
P_W3113780729,Paper,2020.0,MT,SKG,
P_W3121090600,Paper,2020.0,MT,SKG,
P_W3037462739,Paper,2020.0,MT,SKG,
P_W2507833193,Paper,2016.0,MT,SKG,
P_W2472403012,Paper,2016.0,MT,SKG,
P_W2915824390,Paper,2011.0,MT,SKG,
P_W2896885360,Paper,2018.0,MT,SKG,
P_W2251194847,Paper,2010.0,MT,SKG,
P_W3045587196,Paper,2020.0,MT,SKG,
P_W1736600331,Paper,2010.0,MT,SKG,
P_W2250672026,Paper,2013.0,MT,SKG,
P_W2963593215,Paper,2017.0,MT,SKG,
P_W2984274107,Paper,2019.0,MT,SKG,
P_W2251997274,Paper,2013.0,MT,SKG,
P_W2250644439,Paper,2014.0,MT,SKG,
P_W932413789,Paper,2013.0,MT,SKG,
P_W3094040156,Paper,2020.0,MT,SKG,
P_W2741986820,Paper,2017.0,MT,SKG,
P_W2145662801,Paper,2013.0,MT,SKG,
P_W2970155008,Paper,2019.0,MT,SKG,
P_W2130959832,Paper,2010.0,MT,SKG,
P_W2970059135,Paper,2019.0,MT,SKG,
P_W3035531963,Paper,2020.0,MT,SKG,
P_W2970223278,Paper,2019.0,MT,SKG,
P_W4245202262,Paper,2020.0,MT,SKG,
P_W2970084653,Paper,2019.0,MT,SKG,
P_W3034407863,Paper,2020.0,MT,SKG,
P_W2250612533,Paper,2015.0,MT,SKG,
P_W2251921265,Paper,2015.0,MT,SKG,
P_W2985301125,Paper,2019.0,MT,SKG,
P_W2963792777,Paper,2017.0,MT,SKG,
P_W2741787148,Paper,2017.0,MT,SKG,
P_W3035589854,Paper,2020.0,MT,SKG,
P_W2970409072,Paper,2019.0,MT,SKG,
P_W3017454464,Paper,2020.0,MT,SKG,
P_W2743229121,Paper,2017.0,MT,SKG,
P_W2473895758,Paper,2016.0,MT,SKG,
P_W2759461255,Paper,2017.0,MT,SKG,
P_W3037255450,Paper,2020.0,MT,SKG,
P_W2989202544,Paper,2019.0,MT,SKG,
P_W2962890089,Paper,2018.0,MT,SKG,
P_W2250944028,Paper,2015.0,MT,SKG,
P_W2978378531,Paper,2019.0,MT,SKG,
P_W2250338682,Paper,2014.0,MT,SKG,
P_W3088815688,Paper,2020.0,MT,SKG,
P_W2252272516,Paper,2015.0,MT,SKG,
P_W2797162333,Paper,2018.0,MT,SKG,
P_W165935821,Paper,2010.0,MT,SKG,
P_W2113131493,Paper,2014.0,MT,SKG,
P_W2971257618,Paper,2019.0,MT,SKG,
P_W38126138,Paper,2012.0,MT,SKG,
P_W2738371943,Paper,2017.0,MT,SKG,
P_W407827705,Paper,2013.0,MT,SKG,
P_W650948056,Paper,2014.0,MT,SKG,
P_W3120499419,Paper,2020.0,MT,SKG,
P_W2970810442,Paper,2019.0,MT,SKG,
P_W3034508791,Paper,2020.0,MT,SKG,
P_W2962945603,Paper,2017.0,MT,SKG,
P_W3034719878,Paper,2020.0,MT,SKG,
P_W2962739703,Paper,2017.0,MT,SKG,
P_W2594990650,Paper,2017.0,MT,SKG,
P_W3035459196,Paper,2020.0,MT,SKG,
P_W2757521750,Paper,2017.0,MT,SKG,
P_W2737114849,Paper,2017.0,MT,SKG,
P_W2758162718,Paper,2017.0,MT,SKG,
P_W3034987021,Paper,2020.0,MT,SKG,
P_W2756978580,Paper,2017.0,MT,SKG,
P_W3034673518,Paper,2020.0,MT,SKG,
P_W3101706601,Paper,2020.0,MT,SKG,
P_W2609193491,Paper,2017.0,MT,SKG,
P_W2250319048,Paper,2013.0,MT,SKG,
P_W2098447295,Paper,2013.0,MT,SKG,
P_W2758310181,Paper,2017.0,MT,SKG,
P_W1605282883,Paper,2019.0,MT,SKG,
P_W2883525461,Paper,2018.0,MT,SKG,
P_W3203397811,Paper,2019.0,MT,SKG,
P_W2883384628,Paper,2019.0,MT,SKG,
P_W3037003839,Paper,2020.0,MT,SKG,
P_W1519942606,Paper,2012.0,MT,SKG,
P_W2756566411,Paper,2017.0,MT,SKG,
P_W3118540863,Paper,2020.0,MT,SKG,
P_W3046089934,Paper,2020.0,MT,SKG,
P_W2168275463,Paper,2010.0,MT,SKG,
P_W2252147974,Paper,2015.0,MT,SKG,
P_W3120090562,Paper,2020.0,MT,SKG,
P_W3117253141,Paper,2020.0,MT,SKG,
P_W1659925969,Paper,2010.0,MT,SKG,
P_W2962798274,Paper,2018.0,MT,SKG,
P_W1491049622,Paper,2010.0,MT,SKG,
P_W3037052270,Paper,2020.0,MT,SKG,
P_W2902786662,Paper,2018.0,MT,SKG,
P_W2251130018,Paper,2013.0,MT,SKG,
P_W2131053235,Paper,2013.0,MT,SKG,
P_W2104511424,Paper,2015.0,MT,SKG,
P_W2902614977,Paper,2018.0,MT,SKG,
P_W2963463964,Paper,2016.0,MT,SKG,
P_W2311921240,Paper,2016.0,MT,SKG,
P_W2561274697,Paper,2016.0,MT,SKG,
P_W2400573211,Paper,2016.0,MT,SKG,
P_W2462993019,Paper,2016.0,MT,SKG,
P_W3100509098,Paper,2020.0,MT,SKG,
P_W2962708992,Paper,2016.0,MT,SKG,
P_W1816313093,Paper,2016.0,MT,SKG,
P_W2250818554,Paper,2015.0,MT,SKG,
P_W2250761393,Paper,2013.0,MT,SKG,
P_W2964048171,Paper,2018.0,MT,SKG,
P_W2963088995,Paper,2016.0,MT,SKG,
P_W2962886257,Paper,2018.0,MT,SKG,
P_W2970797723,Paper,2019.0,MT,SKG,
P_W2947599143,Paper,2019.0,MT,SKG,
P_W2250210685,Paper,2015.0,MT,SKG,
P_W2250831586,Paper,2015.0,MT,SKG,
P_W3034771276,Paper,2020.0,MT,SKG,
P_W2970925270,Paper,2019.0,MT,SKG,
P_W2970328625,Paper,2019.0,MT,SKG,
P_W1902237438,Paper,2015.0,MT,SKG,
P_W2251743902,Paper,2015.0,MT,SKG,
P_W2798761464,Paper,2018.0,MT,SKG,
P_W2971278086,Paper,2019.0,MT,SKG,
P_W2163238067,Paper,2012.0,MT,SKG,
P_W2099896673,Paper,2014.0,MT,SKG,
P_W2759932073,Paper,2017.0,MT,SKG,
P_W2952080518,Paper,2019.0,MT,SKG,
P_W1961521608,Paper,2010.0,MT,SKG,
P_W2251211800,Paper,2015.0,MT,SKG,
P_W141243353,Paper,2013.0,MT,SKG,
P_W2805790316,Paper,2018.0,MT,SKG,
P_W2740918915,Paper,2017.0,MT,SKG,
P_W3119781137,Paper,2020.0,MT,SKG,
P_W2168103496,Paper,2010.0,MT,SKG,
P_W2250548645,Paper,2013.0,MT,SKG,
P_W2154238592,Paper,2010.0,MT,SKG,
P_W3034579764,Paper,2020.0,MT,SKG,
P_W2250640401,Paper,2013.0,MT,SKG,
P_W2740087922,Paper,2017.0,MT,SKG,
P_W2251557434,Paper,2015.0,MT,SKG,
P_W2949745489,Paper,2019.0,MT,SKG,
P_W3098989509,Paper,2020.0,MT,SKG,
P_W2593341061,Paper,2017.0,MT,SKG,
P_W3101683892,Paper,2020.0,MT,SKG,
P_W2952317054,Paper,2019.0,MT,SKG,
P_W2963331137,Paper,2017.0,MT,SKG,
P_W3105848458,Paper,2020.0,MT,SKG,
P_W2963542740,Paper,2019.0,MT,SKG,
P_W1753482797,Paper,2013.0,MT,SKG,
P_W2339274804,Paper,2016.0,MT,SKG,
P_W2949938546,Paper,2019.0,MT,SKG,
P_W2963888305,Paper,2017.0,MT,SKG,
P_W3105626768,Paper,2020.0,MT,SKG,
P_W2950485982,Paper,2019.0,MT,SKG,
P_W2250952810,Paper,2014.0,MT,SKG,
P_W2982129078,Paper,2019.0,MT,SKG,
P_W2512996613,Paper,2016.0,MT,SKG,
P_W2106429429,Paper,2014.0,MT,SKG,
P_W1598771940,Paper,2011.0,MT,SKG,
P_W2963532104,Paper,2019.0,MT,SKG,
P_W2948845926,Paper,2019.0,MT,SKG,
P_W3021719059,Paper,2020.0,MT,SKG,
P_W3102852174,Paper,2020.0,MT,SKG,
P_W3084095723,Paper,2020.0,MT,SKG,
P_W3022495033,Paper,2020.0,MT,SKG,
P_W2930211575,Paper,2019.0,MT,SKG,
P_W3037112648,Paper,2020.0,MT,SKG,
P_W2107468211,Paper,2012.0,MT,SKG,
P_W2946379889,Paper,2019.0,MT,SKG,
P_W2916835973,Paper,2019.0,MT,SKG,
P_W2920195923,Paper,2019.0,MT,SKG,
P_W2944869267,Paper,2019.0,MT,SKG,
P_W1896888216,Paper,2015.0,MT,SKG,
P_W3092614733,Paper,2020.0,MT,SKG,
P_W3099808336,Paper,2020.0,MT,SKG,
P_W2250296445,Paper,2015.0,MT,SKG,
P_W2142333053,Paper,2013.0,MT,SKG,
P_W2107038437,Paper,2011.0,MT,SKG,
P_W2470681840,Paper,2016.0,MT,SKG,
P_W2100175927,Paper,2014.0,MT,SKG,
P_W2270190199,Paper,2013.0,MT,SKG,
P_W2251994258,Paper,2015.0,MT,SKG,
P_W2970279348,Paper,2019.0,MT,SKG,
P_W2987188351,Paper,2020.0,MT,SKG,
P_W2982616332,Paper,2019.0,MT,SKG,
P_W3012638462,Paper,2020.0,MT,SKG,
P_W2131095505,Paper,2011.0,MT,SKG,
P_W2970624737,Paper,2019.0,MT,SKG,
P_W2107016235,Paper,2012.0,MT,SKG,
P_W2153999629,Paper,2013.0,MT,SKG,
P_W2100664567,Paper,2015.0,MT,SKG,
P_W2982924472,Paper,2019.0,MT,SKG,
P_W2977587102,Paper,2020.0,MT,SKG,
P_W2138974820,Paper,2010.0,MT,SKG,
P_W1724972948,Paper,2012.0,MT,SKG,
P_W2971296520,Paper,2019.0,MT,SKG,
P_W2806311723,Paper,2018.0,MT,SKG,
P_W2737175496,Paper,2017.0,MT,SKG,
P_W3116160706,Paper,2020.0,MT,SKG,
P_W3012989741,Paper,2020.0,MT,SKG,
P_W3210914950,Paper,2019.0,MT,SKG,
P_W2899427634,Paper,2018.0,MT,SKG,
P_W3114346548,Paper,2020.0,MT,SKG,
P_W2167205465,Paper,2013.0,MT,SKG,
P_W3088379946,Paper,2020.0,MT,SKG,
P_W4404782760,Paper,2024.0,MT,SKG,
P_W3091924335,Paper,2020.0,MT,SKG,
P_W2946028745,Paper,2019.0,MT,SKG,
P_W3103840770,Paper,2020.0,MT,SKG,
P_W2946664809,Paper,2019.0,MT,SKG,
P_W2928169590,Paper,2019.0,MT,SKG,
P_W3087204350,Paper,2020.0,MT,SKG,
P_W2515384205,Paper,2016.0,MT,SKG,
P_W2919188216,Paper,2019.0,MT,SKG,
P_W2608395138,Paper,2017.0,MT,SKG,
P_W3033346395,Paper,2020.0,MT,SKG,
P_W2251150371,Paper,2015.0,MT,SKG,
P_W3036994232,Paper,2020.0,MT,SKG,
P_W2309409233,Paper,2013.0,MT,SKG,
P_W2612881151,Paper,2017.0,MT,SKG,
P_W2945383715,Paper,2019.0,MT,SKG,
P_W3106321930,Paper,2020.0,MT,SKG,
P_W2963141266,Paper,2017.0,MT,SKG,
P_W3102446692,Paper,2020.0,MT,SKG,
P_W3106185885,Paper,2020.0,MT,SKG,
P_W3102315351,Paper,2020.0,MT,SKG,
P_W3028712640,Paper,2020.0,MT,SKG,
P_W2251313925,Paper,2015.0,MT,SKG,
P_W2150453030,Paper,2011.0,MT,SKG,
P_W2989476591,Paper,2019.0,MT,SKG,
P_W2117111101,Paper,2012.0,MT,SKG,
P_W3037312903,Paper,2020.0,MT,SKG,
P_W2474396346,Paper,2016.0,MT,SKG,
P_W3045734701,Paper,2020.0,MT,SKG,
P_W2760327630,Paper,2017.0,MT,SKG,
P_W2989819126,Paper,2019.0,MT,SKG,
P_W2949973181,Paper,2019.0,MT,SKG,
P_W3091448919,Paper,2020.0,MT,SKG,
P_W2293344577,Paper,2016.0,MT,SKG,
P_W2970331417,Paper,2019.0,MT,SKG,
P_W3105669983,Paper,2020.0,MT,SKG,
P_W2251180427,Paper,2015.0,MT,SKG,
P_W3116878451,Paper,2020.0,MT,SKG,
P_W2964534535,Paper,2019.0,MT,SKG,
P_W2988104920,Paper,2019.0,MT,SKG,
P_W1899181831,Paper,2015.0,MT,SKG,
P_W2160131015,Paper,2012.0,MT,SKG,
P_W2884476676,Paper,2018.0,MT,SKG,
P_W2563931368,Paper,2016.0,MT,SKG,
P_W2251139225,Paper,2015.0,MT,SKG,
P_W3113414489,Paper,2020.0,MT,SKG,
P_W2561386235,Paper,2016.0,MT,SKG,
P_W2963598809,Paper,2016.0,MT,SKG,
P_W2250303366,Paper,2015.0,MT,SKG,
P_W2251269336,Paper,2015.0,MT,SKG,
P_W3034425996,Paper,2020.0,MT,SKG,
P_W3102881428,Paper,2020.0,MT,SKG,
P_W3023986361,Paper,2020.0,MT,SKG,
P_W2967600676,Paper,2020.0,MT,SKG,
P_W3035348852,Paper,2020.0,MT,SKG,
P_W3106124812,Paper,2020.0,MT,SKG,
P_W2152925220,Paper,2011.0,MT,SKG,
P_W2251622336,Paper,2013.0,MT,SKG,
P_W3089067043,Paper,2019.0,MT,SKG,
P_W3119637927,Paper,2020.0,MT,SKG,
P_W2758895583,Paper,2017.0,MT,SKG,
P_W2608615602,Paper,2017.0,MT,SKG,
P_W2563850823,Paper,2016.0,MT,SKG,
P_W2926977875,Paper,2019.0,MT,SKG,
P_W2159181679,Paper,2010.0,MT,SKG,
P_W3120744997,Paper,2020.0,MT,SKG,
P_W3029612128,Paper,2020.0,MT,SKG,
P_W2104718911,Paper,2012.0,MT,SKG,
P_W2982713930,Paper,2019.0,MT,SKG,
P_W3088348768,Paper,2019.0,MT,SKG,
P_W2735139879,Paper,2017.0,MT,SKG,
P_W2154674287,Paper,2014.0,MT,SKG,
P_W2252072825,Paper,2013.0,MT,SKG,
P_W2970352405,Paper,2019.0,MT,SKG,
P_W2154006786,Paper,2012.0,MT,SKG,
P_W144133692,Paper,2012.0,MT,SKG,
P_W1545286665,Paper,2010.0,MT,SKG,
P_W2118206542,Paper,2014.0,MT,SKG,
P_W2983991354,Paper,2019.0,MT,SKG,
P_W2970852256,Paper,2019.0,MT,SKG,
P_W2964007535,Paper,2016.0,MT,SKG,
P_W2757931423,Paper,2017.0,MT,SKG,
P_W2953287808,Paper,2019.0,MT,SKG,
P_W2741325996,Paper,2017.0,MT,SKG,
P_W3034871396,Paper,2020.0,MT,SKG,
P_W3034789084,Paper,2020.0,MT,SKG,
P_W3091881170,Paper,2020.0,MT,SKG,
P_W3034216012,Paper,2020.0,MT,SKG,
P_W2807480793,Paper,2018.0,MT,SKG,
P_W2148811968,Paper,2011.0,MT,SKG,
P_W2513372298,Paper,2016.0,MT,SKG,
P_W1828578481,Paper,2010.0,MT,SKG,
P_W2151395225,Paper,2010.0,MT,SKG,
P_W13343785,Paper,2011.0,MT,SKG,
P_W3045570277,Paper,2020.0,MT,SKG,
P_W2970876710,Paper,2019.0,MT,SKG,
P_W2962954913,Paper,2016.0,MT,SKG,
P_W2970885024,Paper,2019.0,MT,SKG,
P_W2889756799,Paper,2018.0,MT,SKG,
P_W3015423925,Paper,2020.0,MT,SKG,
P_W2985750080,Paper,2019.0,MT,SKG,
P_W2160817315,Paper,2012.0,MT,SKG,
P_W3120628641,Paper,2020.0,MT,SKG,
P_W2109530867,Paper,2013.0,MT,SKG,
P_W2989523826,Paper,2019.0,MT,SKG,
P_W1510632846,Paper,2010.0,MT,SKG,
P_W3005521220,Paper,2020.0,MT,SKG,
P_W2945286432,Paper,2019.0,MT,SKG,
P_W2950940239,Paper,2019.0,MT,SKG,
P_W2251762107,Paper,2015.0,MT,SKG,
P_W3088264195,Paper,2020.0,MT,SKG,
P_W2951397374,Paper,2019.0,MT,SKG,
P_W2952356761,Paper,2019.0,MT,SKG,
P_W2146813944,Paper,2011.0,MT,SKG,
P_W2972620762,Paper,2019.0,MT,SKG,
P_W2977183928,Paper,2019.0,MT,SKG,
P_W2120390143,Paper,2014.0,MT,SKG,
P_W2117607680,Paper,2011.0,MT,SKG,
P_W2252167469,Paper,2015.0,MT,SKG,
P_W2964550990,Paper,2019.0,MT,SKG,
P_W2970770300,Paper,2019.0,MT,SKG,
P_W2979478220,Paper,2019.0,MT,SKG,
P_W2139801634,Paper,2013.0,MT,SKG,
P_W3045622142,Paper,2020.0,MT,SKG,
P_W1537121970,Paper,2010.0,MT,SKG,
P_W3037963377,Paper,2020.0,MT,SKG,
P_W1594128446,Paper,2012.0,MT,SKG,
P_W2951456627,Paper,2019.0,MT,SKG,
P_W2952406142,Paper,2019.0,MT,SKG,
P_W2963777589,Paper,2019.0,MT,SKG,
P_W2950780414,Paper,2019.0,MT,SKG,
P_W2971248291,Paper,2019.0,MT,SKG,
P_W2948569342,Paper,2019.0,MT,SKG,
P_W2952638483,Paper,2019.0,MT,SKG,
P_W2950037171,Paper,2019.0,MT,SKG,
P_W2169954957,Paper,2010.0,MT,SKG,
P_W2099224638,Paper,2011.0,MT,SKG,
P_W3118328212,Paper,2020.0,MT,SKG,
P_W2118434577,Paper,2015.0,MT,SKG,
P_W3115381926,Paper,2020.0,MT,SKG,
P_W3088821710,Paper,2020.0,MT,SKG,
P_W3120881350,Paper,2020.0,MT,SKG,
P_W2888293024,Paper,2018.0,MT,SKG,
P_W2984819511,Paper,2019.0,MT,SKG,
P_W2154417380,Paper,2010.0,MT,SKG,
P_W2257408573,Paper,2014.0,MT,SKG,
P_W3119669435,Paper,2020.0,MT,SKG,
P_W2759173152,Paper,2017.0,MT,SKG,
P_W2952367383,Paper,2019.0,MT,SKG,
P_W2126712675,Paper,2013.0,MT,SKG,
P_W3027203216,Paper,2020.0,MT,SKG,
P_W2251587334,Paper,2015.0,MT,SKG,
P_W3016137827,Paper,2019.0,MT,SKG,
P_W203061456,Paper,2010.0,MT,SKG,
P_W2460130460,Paper,2016.0,MT,SKG,
P_W2185797575,Paper,2014.0,MT,SKG,
P_W2251450216,Paper,2015.0,MT,SKG,
P_W577284227,Paper,2013.0,MT,SKG,
P_W2119202242,Paper,2014.0,MT,SKG,
P_W2970845737,Paper,2019.0,MT,SKG,
P_W3118324981,Paper,2020.0,MT,SKG,
P_W2984342083,Paper,2019.0,MT,SKG,
P_W3032389629,Paper,2020.0,MT,SKG,
P_W2970717663,Paper,2019.0,MT,SKG,
P_W2155539936,Paper,2011.0,MT,SKG,
P_W2155501171,Paper,2010.0,MT,SKG,
P_W2758334418,Paper,2017.0,MT,SKG,
P_W2613065256,Paper,2017.0,MT,SKG,
P_W2964093087,Paper,2017.0,MT,SKG,
P_W2758137671,Paper,2017.0,MT,SKG,
P_W2970480900,Paper,2019.0,MT,SKG,
P_W2950023669,Paper,2019.0,MT,SKG,
P_W2982026991,Paper,2019.0,MT,SKG,
P_W2155853716,Paper,2014.0,MT,SKG,
P_W1896570304,Paper,2010.0,MT,SKG,
P_W2971254483,Paper,2019.0,MT,SKG,
P_W3119014050,Paper,2020.0,MT,SKG,
P_W2753057867,Paper,2017.0,MT,SKG,
P_W2140967626,Paper,2011.0,MT,SKG,
P_W2250338219,Paper,2013.0,MT,SKG,
P_W2970677459,Paper,2019.0,MT,SKG,
P_W2987109094,Paper,2019.0,MT,SKG,
P_W2886787567,Paper,2019.0,MT,SKG,
P_W2954647460,Paper,2019.0,MT,SKG,
P_W2923779212,Paper,2019.0,MT,SKG,
P_W2912351236,Paper,2018.0,MT,SKG,
P_W2144600658,Paper,2011.0,MT,SKG,
P_W2251659871,Paper,2014.0,MT,SKG,
P_W2250660307,Paper,2015.0,MT,SKG,
P_W2147258359,Paper,2010.0,MT,SKG,
P_W2125595887,Paper,2013.0,MT,SKG,
P_W3002201054,Paper,2020.0,MT,SKG,
P_W3119961061,Paper,2020.0,MT,SKG,
P_W2764124976,Paper,2018.0,MT,SKG,
P_W2123318312,Paper,2011.0,MT,SKG,
P_W2096557251,Paper,2012.0,MT,SKG,
P_W2982587176,Paper,2019.0,MT,SKG,
P_W2970009562,Paper,2019.0,MT,SKG,
P_W2989156240,Paper,2019.0,MT,SKG,
P_W2971337358,Paper,2019.0,MT,SKG,
P_W2982162582,Paper,2019.0,MT,SKG,
P_W2515631395,Paper,2016.0,MT,SKG,
P_W1834000468,Paper,2012.0,MT,SKG,
P_W3034397670,Paper,2020.0,MT,SKG,
P_W3106403484,Paper,2020.0,MT,SKG,
P_W3035376412,Paper,2020.0,MT,SKG,
P_W3034351728,Paper,2020.0,MT,SKG,
P_W3035629723,Paper,2020.0,MT,SKG,
P_W3034906024,Paper,2020.0,MT,SKG,
P_W2891534142,Paper,2018.0,MT,SKG,
P_W3035540807,Paper,2020.0,MT,SKG,
P_W3035214886,Paper,2020.0,MT,SKG,
P_W3034489696,Paper,2020.0,MT,SKG,
P_W2889411721,Paper,2018.0,MT,SKG,
P_W3104318719,Paper,2020.0,MT,SKG,
P_W2890095519,Paper,2018.0,MT,SKG,
P_W2251048776,Paper,2013.0,MT,SKG,
P_W2165188277,Paper,2010.0,MT,SKG,
P_W2150066400,Paper,2011.0,MT,SKG,
P_W2913715449,Paper,2018.0,MT,SKG,
P_W2251749997,Paper,2014.0,MT,SKG,
P_W2983981554,Paper,2019.0,MT,SKG,
P_W3140210878,Paper,2020.0,MT,SKG,
P_W2136156618,Paper,2011.0,MT,SKG,
P_W3015438181,Paper,2020.0,MT,SKG,
P_W2970410759,Paper,2019.0,MT,SKG,
P_W2120679544,Paper,2012.0,MT,SKG,
P_W2101714589,Paper,2013.0,MT,SKG,
P_W2756726036,Paper,2017.0,MT,SKG,
P_W2251764313,Paper,2013.0,MT,SKG,
P_W2970999217,Paper,2019.0,MT,SKG,
P_W3117912976,Paper,2020.0,MT,SKG,
P_W2963993537,Paper,2018.0,MT,SKG,
P_W2891896107,Paper,2018.0,MT,SKG,
P_W2888010645,Paper,2018.0,MT,SKG,
P_W2888555799,Paper,2018.0,MT,SKG,
P_W3099330995,Paper,2020.0,MT,SKG,
P_W2972972637,Paper,2018.0,MT,SKG,
P_W2891143126,Paper,2018.0,MT,SKG,
P_W2892213699,Paper,2018.0,MT,SKG,
P_W2890698823,Paper,2018.0,MT,SKG,
P_W2888520903,Paper,2018.0,MT,SKG,
P_W2160993407,Paper,2013.0,MT,SKG,
P_W1508577659,Paper,2013.0,MT,SKG,
P_W2141895568,Paper,2013.0,MT,SKG,
P_W2251203309,Paper,2015.0,MT,SKG,
P_W2970295111,Paper,2019.0,MT,SKG,
P_W2964108048,Paper,2019.0,MT,SKG,
P_W1650129375,Paper,2010.0,MT,SKG,
P_W2899181341,Paper,2018.0,MT,SKG,
P_W2105520481,Paper,2013.0,MT,SKG,
P_W2181989146,Paper,2015.0,MT,SKG,
P_W3019655571,Paper,2020.0,MT,SKG,
P_W2118593414,Paper,2014.0,MT,SKG,
P_W2984294981,Paper,2019.0,MT,SKG,
P_W2160721348,Paper,2012.0,MT,SKG,
P_W2749861397,Paper,2017.0,MT,SKG,
P_W3097426566,Paper,2020.0,MT,SKG,
P_W2149971620,Paper,2011.0,MT,SKG,
P_W2890026292,Paper,2018.0,MT,SKG,
P_W2891713103,Paper,2018.0,MT,SKG,
P_W2890238976,Paper,2018.0,MT,SKG,
P_W2963665552,Paper,2018.0,MT,SKG,
P_W3034571331,Paper,2020.0,MT,SKG,
P_W3093363006,Paper,2020.0,MT,SKG,
P_W113900115,Paper,2013.0,MT,SKG,
P_W2250911766,Paper,2015.0,MT,SKG,
P_W3034330464,Paper,2020.0,MT,SKG,
P_W2251682543,Paper,2013.0,MT,SKG,
P_W3037217258,Paper,2020.0,MT,SKG,
P_W2970663072,Paper,2019.0,MT,SKG,
P_W2118804972,Paper,2013.0,MT,SKG,
P_W2251771687,Paper,2015.0,MT,SKG,
P_W2164628107,Paper,2012.0,MT,SKG,
P_W619773600,Paper,2013.0,MT,SKG,
P_W2170526805,Paper,2014.0,MT,SKG,
P_W3121049435,Paper,2020.0,MT,SKG,
P_W2759534235,Paper,2017.0,MT,SKG,
P_W3105422997,Paper,2020.0,MT,SKG,
P_W3034586846,Paper,2020.0,MT,SKG,
P_W3089809702,Paper,2020.0,MT,SKG,
P_W2951338945,Paper,2019.0,MT,SKG,
P_W2970069811,Paper,2019.0,MT,SKG,
P_W2963950336,Paper,2018.0,MT,SKG,
P_W2250695194,Paper,2013.0,MT,SKG,
P_W2099607809,Paper,2011.0,MT,SKG,
P_W2121340590,Paper,2010.0,MT,SKG,
P_W2159919698,Paper,2014.0,MT,SKG,
P_W3034324324,Paper,2020.0,MT,SKG,
P_W1734801003,Paper,2012.0,MT,SKG,
P_W2180554602,Paper,2015.0,MT,SKG,
P_W3119935461,Paper,2020.0,MT,SKG,
P_W2121351739,Paper,2012.0,MT,SKG,
P_W2758605572,Paper,2017.0,MT,SKG,
P_W2970550184,Paper,2019.0,MT,SKG,
P_W3022766220,Paper,2020.0,MT,SKG,
P_W3096966601,Paper,2020.0,MT,SKG,
P_W2970357206,Paper,2019.0,MT,SKG,
P_W3093818688,Paper,2020.0,MT,SKG,
P_W2890244613,Paper,2018.0,MT,SKG,
P_W2970842844,Paper,2019.0,MT,SKG,
P_W2798938673,Paper,2018.0,MT,SKG,
P_W2164503643,Paper,2013.0,MT,SKG,
P_W2251797508,Paper,2013.0,MT,SKG,
P_W3035289598,Paper,2020.0,MT,SKG,
P_W3037373636,Paper,2020.0,MT,SKG,
P_W2121155211,Paper,2012.0,MT,SKG,
P_W2102028293,Paper,2013.0,MT,SKG,
P_W3120545354,Paper,2020.0,MT,SKG,
P_W2916864519,Paper,2017.0,MT,SKG,
P_W1802752939,Paper,2012.0,MT,SKG,
P_W3103544486,Paper,2020.0,MT,SKG,
P_W3103979400,Paper,2020.0,MT,SKG,
P_W3101235629,Paper,2020.0,MT,SKG,
P_W2151996595,Paper,2010.0,MT,SKG,
P_W3037832411,Paper,2020.0,MT,SKG,
P_W2141100269,Paper,2014.0,MT,SKG,
P_W3035548285,Paper,2020.0,MT,SKG,
P_W3037879901,Paper,2020.0,MT,SKG,
P_W2953006368,Paper,2019.0,MT,SKG,
P_W3137049531,Paper,2013.0,MT,SKG,
P_W2251333340,Paper,2015.0,MT,SKG,
P_W2158732077,Paper,2011.0,MT,SKG,
P_W3118449360,Paper,2020.0,MT,SKG,
P_W2890908793,Paper,2018.0,MT,SKG,
P_W3106144205,Paper,2020.0,MT,SKG,
P_W2946360045,Paper,2019.0,MT,SKG,
P_W2933610451,Paper,2019.0,MT,SKG,
P_W3099858430,Paper,2020.0,MT,SKG,
P_W2899336027,Paper,2019.0,MT,SKG,
P_W2919290281,Paper,2019.0,MT,SKG,
P_W2739833967,Paper,2017.0,MT,SKG,
P_W2760713883,Paper,2017.0,MT,SKG,
P_W3092969410,Paper,2020.0,MT,SKG,
P_W211509693,Paper,2011.0,MT,SKG,
P_W2101207453,Paper,2010.0,MT,SKG,
P_W119998590,Paper,2012.0,MT,SKG,
P_W2251074483,Paper,2014.0,MT,SKG,
P_W2970705013,Paper,2019.0,MT,SKG,
P_W3035669818,Paper,2020.0,MT,SKG,
P_W2889606145,Paper,2018.0,MT,SKG,
P_W2888442053,Paper,2018.0,MT,SKG,
P_W2888541716,Paper,2018.0,MT,SKG,
P_W3119399851,Paper,2020.0,MT,SKG,
P_W4309424007,Paper,2012.0,MT,SKG,
P_W2986670783,Paper,2019.0,MT,SKG,
P_W2148168985,Paper,2011.0,MT,SKG,
P_W2962997665,Paper,2015.0,MT,SKG,
P_W3207986056,Paper,2019.0,MT,SKG,
P_W2149192313,Paper,2011.0,MT,SKG,
P_W2159107349,Paper,2010.0,MT,SKG,
P_W2970558573,Paper,2019.0,MT,SKG,
P_W2970758702,Paper,2019.0,MT,SKG,
P_W7126368594,Paper,2020.0,MT,SKG,
P_W2250907725,Paper,2013.0,MT,SKG,
P_W2970247882,Paper,2019.0,MT,SKG,
P_W2987395887,Paper,2019.0,MT,SKG,
P_W3100684858,Paper,2020.0,MT,SKG,
P_W2963223057,Paper,2018.0,MT,SKG,
P_W2137894131,Paper,2014.0,MT,SKG,
P_W2139447956,Paper,2011.0,MT,SKG,
P_W2144642230,Paper,2012.0,MT,SKG,
P_W2989276524,Paper,2019.0,MT,SKG,
P_W2467669267,Paper,2016.0,MT,SKG,
P_W3037186962,Paper,2020.0,MT,SKG,
P_W3116857254,Paper,2020.0,MT,SKG,
P_W2756670659,Paper,2017.0,MT,SKG,
P_W2888456631,Paper,2018.0,MT,SKG,
P_W2251631319,Paper,2013.0,MT,SKG,
P_W2170690622,Paper,2013.0,MT,SKG,
P_W99956235,Paper,2014.0,MT,SKG,
P_W2124119193,Paper,2011.0,MT,SKG,
P_W2594470997,Paper,2017.0,MT,SKG,
P_W2971005778,Paper,2019.0,MT,SKG,
P_W2107878390,Paper,2012.0,MT,SKG,
P_W2890007195,Paper,2018.0,MT,SKG,
P_W2888070626,Paper,2018.0,MT,SKG,
P_W3034773362,Paper,2020.0,MT,SKG,
P_W2888808532,Paper,2018.0,MT,SKG,
P_W187672852,Paper,2010.0,MT,SKG,
P_W3034742481,Paper,2020.0,MT,SKG,
P_W2120360483,Paper,2011.0,MT,SKG,
P_W3028927996,Paper,2020.0,MT,SKG,
P_W2250330906,Paper,2013.0,MT,SKG,
P_W2759168318,Paper,2017.0,MT,SKG,
P_W2970947975,Paper,2019.0,MT,SKG,
P_W3037664376,Paper,2020.0,MT,SKG,
P_W2162507901,Paper,2010.0,MT,SKG,
P_W1804620186,Paper,2012.0,MT,SKG,
P_W1506572002,Paper,2010.0,MT,SKG,
P_W2892244498,Paper,2018.0,MT,SKG,
P_W3034938700,Paper,2020.0,MT,SKG,
P_W2928720664,Paper,2019.0,MT,SKG,
P_W2250771471,Paper,2015.0,MT,SKG,
P_W2165569186,Paper,2014.0,MT,SKG,
P_W274835071,Paper,2015.0,MT,SKG,
P_W2758640316,Paper,2017.0,MT,SKG,
P_W2924679246,Paper,2019.0,MT,SKG,
P_W2963823140,Paper,2019.0,MT,SKG,
P_W2964345285,Paper,2019.0,MT,SKG,
P_W3104881680,Paper,2020.0,MT,SKG,
P_W2250872883,Paper,2014.0,MT,SKG,
P_W2915330159,Paper,2019.0,MT,SKG,
P_W1767012588,Paper,2010.0,MT,SKG,
P_W3034982693,Paper,2020.0,MT,SKG,
P_W2951718443,Paper,2018.0,MT,SKG,
P_W2126747756,Paper,2013.0,MT,SKG,
P_W2903012348,Paper,2017.0,MT,SKG,
P_W2971306673,Paper,2019.0,MT,SKG,
P_W2970311224,Paper,2019.0,MT,SKG,
P_W3086977883,Paper,2020.0,MT,SKG,
P_W3120942684,Paper,2020.0,MT,SKG,
P_W2963991775,Paper,2019.0,MT,SKG,
P_W3103915675,Paper,2020.0,MT,SKG,
P_W2121530616,Paper,2011.0,MT,SKG,
P_W2951685898,Paper,2019.0,MT,SKG,
P_W2135673254,Paper,2014.0,MT,SKG,
P_W2986712369,Paper,2019.0,MT,SKG,
P_W2970682420,Paper,2019.0,MT,SKG,
P_W2887838996,Paper,2018.0,MT,SKG,
P_W126091597,Paper,2010.0,MT,SKG,
P_W2175275133,Paper,2015.0,MT,SKG,
P_W3099729825,Paper,2020.0,MT,SKG,
P_W2970310632,Paper,2019.0,MT,SKG,
P_W3034269545,Paper,2020.0,MT,SKG,
P_W2970820321,Paper,2019.0,MT,SKG,
P_W2161694750,Paper,2010.0,MT,SKG,
P_W2936627440,Paper,2019.0,MT,SKG,
P_W1848260265,Paper,2010.0,MT,SKG,
P_W2251202635,Paper,2015.0,MT,SKG,
P_W2132874619,Paper,2011.0,MT,SKG,
P_W2890501761,Paper,2018.0,MT,SKG,
P_W2160922317,Paper,2012.0,MT,SKG,
P_W2970644300,Paper,2019.0,MT,SKG,
P_W3119664422,Paper,2020.0,MT,SKG,
P_W2951535825,Paper,2019.0,MT,SKG,
P_W2962931466,Paper,2018.0,MT,SKG,
P_W2888539709,Paper,2018.0,MT,SKG,
P_W2153927306,Paper,2011.0,MT,SKG,
P_W2757413836,Paper,2017.0,MT,SKG,
P_W2970544750,Paper,2019.0,MT,SKG,
P_W1679828900,Paper,2012.0,MT,SKG,
P_W2251894068,Paper,2014.0,MT,SKG,
P_W2251832051,Paper,2012.0,MT,SKG,
P_W2740553716,Paper,2017.0,MT,SKG,
P_W2251362467,Paper,2013.0,MT,SKG,
P_W2889326796,Paper,2018.0,MT,SKG,
P_W2250822480,Paper,2013.0,MT,SKG,
P_W2964147026,Paper,2018.0,MT,SKG,
P_W2888958984,Paper,2018.0,MT,SKG,
P_W3098586483,Paper,2020.0,MT,SKG,
P_W3092490633,Paper,2020.0,MT,SKG,
P_W2466062786,Paper,2016.0,MT,SKG,
P_W1901714926,Paper,2012.0,MT,SKG,
P_W1528441900,Paper,2011.0,MT,SKG,
P_W2971031401,Paper,2019.0,MT,SKG,
P_W2902740013,Paper,2017.0,MT,SKG,
P_W2797871962,Paper,2018.0,MT,SKG,
P_W3119347320,Paper,2020.0,MT,SKG,
P_W3098593077,Paper,2020.0,MT,SKG,
P_W3103169714,Paper,2020.0,MT,SKG,
P_W2798608854,Paper,2018.0,MT,SKG,
P_W2515541333,Paper,2016.0,MT,SKG,
P_W2131296021,Paper,2014.0,MT,SKG,
P_W2159755860,Paper,2012.0,MT,SKG,
P_W2760101375,Paper,2017.0,MT,SKG,
P_W2111059919,Paper,2011.0,MT,SKG,
P_W2251926178,Paper,2014.0,MT,SKG,
P_W2948286060,Paper,2019.0,MT,SKG,
P_W2125823897,Paper,2012.0,MT,SKG,
P_W3092081753,Paper,2020.0,MT,SKG,
P_W2963430447,Paper,2019.0,MT,SKG,
P_W2898972706,Paper,2018.0,MT,SKG,
P_W2250261668,Paper,2013.0,MT,SKG,
P_W2565643881,Paper,2016.0,MT,SKG,
P_W2251265976,Paper,2014.0,MT,SKG,
P_W2963949210,Paper,2018.0,MT,SKG,
P_W2508824506,Paper,2016.0,MT,SKG,
P_W2914924671,Paper,2018.0,MT,SKG,
P_W2133459682,Paper,2014.0,MT,SKG,
P_W3120567826,Paper,2020.0,MT,SKG,
P_W2129336405,Paper,2012.0,MT,SKG,
P_W1803332767,Paper,2012.0,MT,SKG,
P_W2758879476,Paper,2017.0,MT,SKG,
P_W2097261017,Paper,2011.0,MT,SKG,
P_W1595109586,Paper,2013.0,MT,SKG,
P_W2101451733,Paper,2012.0,MT,SKG,
P_W2952116087,Paper,2019.0,MT,SKG,
P_W3013713299,Paper,2020.0,MT,SKG,
P_W2897507397,Paper,2018.0,MT,SKG,
P_W2970415062,Paper,2019.0,MT,SKG,
P_W2152249239,Paper,2011.0,MT,SKG,
P_W3045818398,Paper,2020.0,MT,SKG,
P_W2251324170,Paper,2015.0,MT,SKG,
P_W2147790195,Paper,2010.0,MT,SKG,
P_W3119067070,Paper,2020.0,MT,SKG,
P_W2160177523,Paper,2015.0,MT,SKG,
P_W2473954587,Paper,2016.0,MT,SKG,
P_W3037187981,Paper,2020.0,MT,SKG,
P_W2736986829,Paper,2017.0,MT,SKG,
P_W2251311344,Paper,2013.0,MT,SKG,
P_W2222949842,Paper,2016.0,MT,SKG,
P_W2113104171,Paper,2012.0,MT,SKG,
P_W2982307615,Paper,2019.0,MT,SKG,
P_W2963922633,Paper,2018.0,MT,SKG,
P_W2251409393,Paper,2013.0,MT,SKG,
P_W2108967571,Paper,2015.0,MT,SKG,
P_W2956364053,Paper,2019.0,MT,SKG,
P_W3117199703,Paper,2020.0,MT,SKG,
P_W2251416277,Paper,2014.0,MT,SKG,
P_W2167897253,Paper,2014.0,MT,SKG,
P_W2798400986,Paper,2018.0,MT,SKG,
P_W2735824434,Paper,2017.0,MT,SKG,
P_W3006801027,Paper,2020.0,MT,SKG,
P_W2610003462,Paper,2017.0,MT,SKG,
P_W2962712961,Paper,2018.0,MT,SKG,
P_W2566111950,Paper,2016.0,MT,SKG,
P_W3119657211,Paper,2020.0,MT,SKG,
P_W2251843378,Paper,2013.0,MT,SKG,
P_W2407166119,Paper,2016.0,MT,SKG,
P_W2970322046,Paper,2019.0,MT,SKG,
P_W2135598948,Paper,2013.0,MT,SKG,
P_W2970087702,Paper,2019.0,MT,SKG,
P_W2798878995,Paper,2018.0,MT,SKG,
P_W2250646384,Paper,2013.0,MT,SKG,
P_W2250600942,Paper,2014.0,MT,SKG,
P_W2107139012,Paper,2015.0,MT,SKG,
P_W2099864888,Paper,2012.0,MT,SKG,
P_W2889746679,Paper,2018.0,MT,SKG,
P_W3120763070,Paper,2020.0,MT,SKG,
P_W2740295203,Paper,2017.0,MT,SKG,
P_W2251195978,Paper,2014.0,MT,SKG,
P_W2963713328,Paper,2016.0,MT,SKG,
P_W2889404673,Paper,2018.0,MT,SKG,
P_W2890220768,Paper,2018.0,MT,SKG,
P_W2888196092,Paper,2018.0,MT,SKG,
P_W2885249278,Paper,2018.0,MT,SKG,
P_W47006904,Paper,2010.0,MT,SKG,
P_W2251759562,Paper,2011.0,MT,SKG,
P_W186168885,Paper,2012.0,MT,SKG,
P_W776270814,Paper,2014.0,MT,SKG,
P_W2980941473,Paper,2019.0,MT,SKG,
P_W3119912091,Paper,2020.0,MT,SKG,
P_W2964003477,Paper,2017.0,MT,SKG,
P_W2250280404,Paper,2015.0,MT,SKG,
P_W2251775296,Paper,2013.0,MT,SKG,
P_W2250316417,Paper,2015.0,MT,SKG,
P_W2250188786,Paper,2014.0,MT,SKG,
P_W180367417,Paper,2010.0,MT,SKG,
P_W3120079160,Paper,2020.0,MT,SKG,
P_W2798637166,Paper,2018.0,MT,SKG,
P_W2250214155,Paper,2015.0,MT,SKG,
P_W2760425631,Paper,2017.0,MT,SKG,
P_W3035577668,Paper,2020.0,MT,SKG,
P_W3018473580,Paper,2020.0,MT,SKG,
P_W3035636774,Paper,2020.0,MT,SKG,
P_W3034332156,Paper,2020.0,MT,SKG,
P_W2131062877,Paper,2013.0,MT,SKG,
P_W2963246629,Paper,2018.0,MT,SKG,
P_W2970248987,Paper,2019.0,MT,SKG,
P_W2252177599,Paper,2013.0,MT,SKG,
P_W2123007266,Paper,2010.0,MT,SKG,
P_W2757877530,Paper,2017.0,MT,SKG,
P_W2987445565,Paper,2019.0,MT,SKG,
P_W2164806437,Paper,2012.0,MT,SKG,
P_W2759074532,Paper,2017.0,MT,SKG,
P_W2798742628,Paper,2018.0,MT,SKG,
P_W1697844855,Paper,2010.0,MT,SKG,
P_W3120441739,Paper,2020.0,MT,SKG,
P_W2250714477,Paper,2013.0,MT,SKG,
P_W2162499915,Paper,2010.0,MT,SKG,
P_W2971141904,Paper,2019.0,MT,SKG,
P_W102083554,Paper,2010.0,MT,SKG,
P_W2798931235,Paper,2018.0,MT,SKG,
P_W2946068894,Paper,2019.0,MT,SKG,
P_W3035174060,Paper,2020.0,MT,SKG,
P_W2964093309,Paper,2019.0,MT,SKG,
P_W3118612332,Paper,2020.0,MT,SKG,
P_W2797371199,Paper,2018.0,MT,SKG,
P_W2161890243,Paper,2012.0,MT,SKG,
P_W4412260860,Paper,2011.0,MT,SKG,
P_W2250240265,Paper,2012.0,MT,SKG,
P_W2137698233,Paper,2012.0,MT,SKG,
P_W2970810481,Paper,2019.0,MT,SKG,
P_W2739754707,Paper,2017.0,MT,SKG,
P_W2121524931,Paper,2012.0,MT,SKG,
P_W2963684875,Paper,2018.0,MT,SKG,
P_W3120964679,Paper,2020.0,MT,SKG,
P_W2971094522,Paper,2019.0,MT,SKG,
P_W2969999977,Paper,2019.0,MT,SKG,
P_W2967576208,Paper,2019.0,MT,SKG,
P_W2976965654,Paper,2019.0,MT,SKG,
P_W2250776440,Paper,2015.0,MT,SKG,
P_W2145045785,Paper,2013.0,MT,SKG,
P_W2739805025,Paper,2017.0,MT,SKG,
P_W2971036337,Paper,2019.0,MT,SKG,
P_W2111560130,Paper,2012.0,MT,SKG,
P_W170385551,Paper,2010.0,MT,SKG,
P_W3089958104,Paper,2020.0,MT,SKG,
P_W2136135294,Paper,2012.0,MT,SKG,
P_W2250740667,Paper,2013.0,MT,SKG,
P_W2951476960,Paper,2019.0,MT,SKG,
P_W2949756005,Paper,2019.0,MT,SKG,
P_W2951642234,Paper,2019.0,MT,SKG,
P_W2951065878,Paper,2019.0,MT,SKG,
P_W2152423400,Paper,2013.0,MT,SKG,
P_W2220350356,Paper,2015.0,MT,SKG,
P_W2252243783,Paper,2015.0,MT,SKG,
P_W2161772046,Paper,2012.0,MT,SKG,
P_W2566623769,Paper,2017.0,MT,SKG,
P_W3115075512,Paper,2020.0,MT,SKG,
P_W2149593784,Paper,2013.0,MT,SKG,
P_W3097240187,Paper,2020.0,MT,SKG,
P_W2251098065,Paper,2012.0,MT,SKG,
P_W2467834614,Paper,2016.0,MT,SKG,
P_W2902604592,Paper,2018.0,MT,SKG,
P_W2113351918,Paper,2010.0,MT,SKG,
P_W3037231493,Paper,2020.0,MT,SKG,
P_W2984930179,Paper,2019.0,MT,SKG,
P_W2756888147,Paper,2017.0,MT,SKG,
P_W2952918253,Paper,2019.0,MT,SKG,
P_W2970900338,Paper,2019.0,MT,SKG,
P_W3115802955,Paper,2020.0,MT,SKG,
P_W2178149891,Paper,2015.0,MT,SKG,
P_W2162262920,Paper,2012.0,MT,SKG,
P_W2970229863,Paper,2019.0,MT,SKG,
P_W2133551734,Paper,2010.0,MT,SKG,
P_W2169614832,Paper,2012.0,MT,SKG,
P_W2100631779,Paper,2013.0,MT,SKG,
P_W3095478399,Paper,2020.0,MT,SKG,
P_W2982671023,Paper,2019.0,MT,SKG,
P_W2887966409,Paper,2018.0,MT,SKG,
P_W2964013027,Paper,2018.0,MT,SKG,
P_W2948874979,Paper,2019.0,MT,SKG,
P_W3119106069,Paper,2020.0,MT,SKG,
P_W2472373455,Paper,2016.0,MT,SKG,
P_W2117717100,Paper,2012.0,MT,SKG,
P_W2102712342,Paper,2012.0,MT,SKG,
P_W2970325945,Paper,2019.0,MT,SKG,
P_W2250830017,Paper,2015.0,MT,SKG,
P_W3119625789,Paper,2020.0,MT,SKG,
P_W2250821182,Paper,2013.0,MT,SKG,
P_W2760258467,Paper,2017.0,MT,SKG,
P_W2741026152,Paper,2017.0,MT,SKG,
P_W2799231549,Paper,2018.0,MT,SKG,
P_W2113538861,Paper,2011.0,MT,SKG,
P_W125693536,Paper,2012.0,MT,SKG,
P_W2116652448,Paper,2010.0,MT,SKG,
P_W2148274347,Paper,2014.0,MT,SKG,
P_W2947465697,Paper,2019.0,MT,SKG,
P_W2250612599,Paper,2014.0,MT,SKG,
P_W2971292192,Paper,2019.0,MT,SKG,
P_W2579599705,Paper,2017.0,MT,SKG,
P_W2139635790,Paper,2012.0,MT,SKG,
P_W1591201057,Paper,2010.0,MT,SKG,
P_W2158658733,Paper,2013.0,MT,SKG,
P_W2250215576,Paper,2015.0,MT,SKG,
P_W2250974141,Paper,2013.0,MT,SKG,
P_W2798474427,Paper,2018.0,MT,SKG,
P_W2962700074,Paper,2017.0,MT,SKG,
P_W2120459453,Paper,2012.0,MT,SKG,
P_W2112473332,Paper,2013.0,MT,SKG,
P_W2140785880,Paper,2010.0,MT,SKG,
P_W3120749277,Paper,2020.0,MT,SKG,
P_W3035473397,Paper,2020.0,MT,SKG,
P_W3021357296,Paper,2020.0,MT,SKG,
P_W3096237101,Paper,2020.0,MT,SKG,
P_W3099744315,Paper,2020.0,MT,SKG,
P_W2744813330,Paper,2017.0,MT,SKG,
P_W3119184842,Paper,2020.0,MT,SKG,
P_W2108471596,Paper,2011.0,MT,SKG,
P_W1635500704,Paper,2010.0,MT,SKG,
P_W1565992329,Paper,2010.0,MT,SKG,
P_W2757578620,Paper,2017.0,MT,SKG,
P_W2960002028,Paper,2019.0,MT,SKG,
P_W2964125283,Paper,2017.0,MT,SKG,
P_W2250947025,Paper,2012.0,MT,SKG,
P_W3035070478,Paper,2020.0,MT,SKG,
P_W3034201598,Paper,2020.0,MT,SKG,
P_W2951902588,Paper,2019.0,MT,SKG,
P_W2952524847,Paper,2019.0,MT,SKG,
P_W2096426991,Paper,2012.0,MT,SKG,
P_W2102258849,Paper,2014.0,MT,SKG,
P_W2252049613,Paper,2013.0,MT,SKG,
P_W2250633670,Paper,2013.0,MT,SKG,
P_W20450839,Paper,2010.0,MT,SKG,
P_W2970169061,Paper,2019.0,MT,SKG,
P_W2177801600,Paper,2010.0,MT,SKG,
P_W2913659301,Paper,2019.0,MT,SKG,
P_W168700332,Paper,2010.0,MT,SKG,
P_W2096253869,Paper,2011.0,MT,SKG,
P_W2891745105,Paper,2018.0,MT,SKG,
P_W2142669279,Paper,2014.0,MT,SKG,
P_W3108989951,Paper,2020.0,MT,SKG,
P_W2950195913,Paper,2019.0,MT,SKG,
P_W2946171999,Paper,2019.0,MT,SKG,
P_W3105825505,Paper,2020.0,MT,SKG,
P_W2251550922,Paper,2014.0,MT,SKG,
P_W1674885750,Paper,2010.0,MT,SKG,
P_W2117198860,Paper,2014.0,MT,SKG,
P_W2963913268,Paper,2017.0,MT,SKG,
P_W3112593586,Paper,2020.0,MT,SKG,
P_W2951635603,Paper,2019.0,MT,SKG,
P_W2950207430,Paper,2019.0,MT,SKG,
P_W399167303,Paper,2014.0,MT,SKG,
P_W2100565866,Paper,2011.0,MT,SKG,
P_W3093388299,Paper,2020.0,MT,SKG,
P_W2970069595,Paper,2019.0,MT,SKG,
P_W2739894144,Paper,2017.0,MT,SKG,
P_W2251416744,Paper,2013.0,MT,SKG,
P_W2143326944,Paper,2012.0,MT,SKG,
P_W2331726854,Paper,2014.0,MT,SKG,
P_W3017258074,Paper,2020.0,MT,SKG,
P_W2251379921,Paper,2013.0,MT,SKG,
P_W3094522744,Paper,2020.0,MT,SKG,
P_W2141288300,Paper,2011.0,MT,SKG,
P_W2250445771,Paper,2014.0,MT,SKG,
P_W2102394389,Paper,2011.0,MT,SKG,
P_W2147227066,Paper,2014.0,MT,SKG,
P_W2126784652,Paper,2011.0,MT,SKG,
P_W3048733152,Paper,2020.0,MT,SKG,
P_W2970250638,Paper,2019.0,MT,SKG,
P_W3034955736,Paper,2020.0,MT,SKG,
P_W3035254119,Paper,2020.0,MT,SKG,
P_W2110295509,Paper,2013.0,MT,SKG,
P_W568284694,Paper,2011.0,MT,SKG,
P_W2251041322,Paper,2011.0,MT,SKG,
P_W2970798168,Paper,2019.0,MT,SKG,
P_W3015504467,Paper,2020.0,MT,SKG,
P_W3034214887,Paper,2020.0,MT,SKG,
P_W3015919249,Paper,2020.0,MT,SKG,
P_W2984941342,Paper,2020.0,MT,SKG,
P_W3021311049,Paper,2020.0,MT,SKG,
P_W3032317609,Paper,2020.0,MT,SKG,
P_W2468625829,Paper,2016.0,MT,SKG,
P_W2902537726,Paper,2018.0,MT,SKG,
P_W3037440258,Paper,2020.0,MT,SKG,
P_W2978262868,Paper,2019.0,MT,SKG,
P_W2161729680,Paper,2010.0,MT,SKG,
P_W3208326910,Paper,2019.0,MT,SKG,
P_W2161290528,Paper,2012.0,MT,SKG,
P_W2101816610,Paper,2013.0,MT,SKG,
P_W3150518232,Paper,2020.0,MT,SKG,
P_W2796932047,Paper,2018.0,MT,SKG,
P_W137989762,Paper,2012.0,MT,SKG,
P_W2970281725,Paper,2019.0,MT,SKG,
P_W3116773660,Paper,2020.0,MT,SKG,
P_W2136040906,Paper,2014.0,MT,SKG,
P_W3120758068,Paper,2020.0,MT,SKG,
P_W3104976898,Paper,2020.0,MT,SKG,
P_W2983221611,Paper,2019.0,MT,SKG,
P_W2251530174,Paper,2015.0,MT,SKG,
P_W2950169745,Paper,2019.0,MT,SKG,
P_W2757041753,Paper,2017.0,MT,SKG,
P_W2165213242,Paper,2011.0,MT,SKG,
P_W2924584999,Paper,2019.0,MT,SKG,
P_W2914056350,Paper,2019.0,MT,SKG,
P_W2473458685,Paper,2016.0,MT,SKG,
P_W2962696859,Paper,2018.0,MT,SKG,
P_W2963088657,Paper,2019.0,MT,SKG,
P_W2970278681,Paper,2019.0,MT,SKG,
P_W2166086342,Paper,2010.0,MT,SKG,
P_W2251339511,Paper,2013.0,MT,SKG,
P_W2982399380,Paper,2020.0,MT,SKG,
P_W3120734549,Paper,2020.0,MT,SKG,
P_W2107440414,Paper,2013.0,MT,SKG,
P_W3093559770,Paper,2020.0,MT,SKG,
P_W2172268343,Paper,2011.0,MT,SKG,
P_W2971031524,Paper,2019.0,MT,SKG,
P_W3110062857,Paper,2020.0,MT,SKG,
P_W2296562594,Paper,2015.0,MT,SKG,
P_W2970292446,Paper,2019.0,MT,SKG,
P_W2252213522,Paper,2013.0,MT,SKG,
P_W3102816807,Paper,2020.0,MT,SKG,
P_W3035313462,Paper,2020.0,MT,SKG,
P_W2149747182,Paper,2011.0,MT,SKG,
P_W3101095987,Paper,2020.0,MT,SKG,
P_W2251742274,Paper,2013.0,MT,SKG,
P_W3093000437,Paper,2020.0,MT,SKG,
P_W2146662964,Paper,2011.0,MT,SKG,
P_W2129659804,Paper,2013.0,MT,SKG,
P_W2153252986,Paper,2013.0,MT,SKG,
P_W2899207798,Paper,2019.0,MT,SKG,
P_W3035511085,Paper,2020.0,MT,SKG,
P_W3035019713,Paper,2020.0,MT,SKG,
P_W3035219095,Paper,2020.0,MT,SKG,
P_W3034553593,Paper,2020.0,MT,SKG,
P_W2626944006,Paper,2017.0,MT,SKG,
P_W2163072651,Paper,2011.0,MT,SKG,
P_W2512273476,Paper,2016.0,MT,SKG,
P_W3105038888,Paper,2020.0,MT,SKG,
P_W2250360382,Paper,2013.0,MT,SKG,
P_W3120124891,Paper,2020.0,MT,SKG,
P_W3099417250,Paper,2020.0,MT,SKG,
P_W2252063867,Paper,2013.0,MT,SKG,
P_W2803805552,Paper,2018.0,MT,SKG,
P_W2175969983,Paper,2012.0,MT,SKG,
P_W3101668578,Paper,2020.0,MT,SKG,
P_W2251690405,Paper,2013.0,MT,SKG,
P_W2798308429,Paper,2018.0,MT,SKG,
P_W2970286654,Paper,2019.0,MT,SKG,
P_W3105648266,Paper,2020.0,MT,SKG,
P_W2136757377,Paper,2011.0,MT,SKG,
P_W2250421192,Paper,2015.0,MT,SKG,
P_W2295710275,Paper,2015.0,MT,SKG,
P_W2744961584,Paper,2017.0,MT,SKG,
P_W2963661253,Paper,2016.0,MT,SKG,
P_W2894787354,Paper,2018.0,MT,SKG,
P_W2250993060,Paper,2015.0,MT,SKG,
P_W2739823599,Paper,2017.0,MT,SKG,
P_W1531245479,Paper,2014.0,MT,SKG,
P_W3093206688,Paper,2020.0,MT,SKG,
P_W2921413430,Paper,2019.0,MT,SKG,
P_W2158953777,Paper,2012.0,MT,SKG,
P_W2970676607,Paper,2019.0,MT,SKG,
P_W2116492146,Paper,2011.0,MT,SKG,
P_W2511277317,Paper,2016.0,MT,SKG,
P_W2897058237,Paper,2018.0,MT,SKG,
P_W2737638662,Paper,2017.0,MT,SKG,
P_W2897105542,Paper,2018.0,MT,SKG,
P_W2158073280,Paper,2011.0,MT,SKG,
P_W2156562229,Paper,2014.0,MT,SKG,
P_W3116748060,Paper,2020.0,MT,SKG,
P_W2115161902,Paper,2012.0,MT,SKG,
P_W2170006268,Paper,2013.0,MT,SKG,
P_W3099665409,Paper,2020.0,MT,SKG,
P_W2804193771,Paper,2018.0,MT,SKG,
P_W2970520743,Paper,2019.0,MT,SKG,
P_W2964084720,Paper,2017.0,MT,SKG,
P_W1716250762,Paper,2010.0,MT,SKG,
P_W1920193847,Paper,2011.0,MT,SKG,
P_W143516883,Paper,2012.0,MT,SKG,
P_W2803241009,Paper,2018.0,MT,SKG,
P_W2250473075,Paper,2014.0,MT,SKG,
P_W2741750202,Paper,2017.0,MT,SKG,
P_W2963142052,Paper,2015.0,MT,SKG,
P_W2970109976,Paper,2019.0,MT,SKG,
P_W3101155369,Paper,2020.0,MT,SKG,
P_W2251058039,Paper,2013.0,MT,SKG,
P_W2156816974,Paper,2011.0,MT,SKG,
P_W2798651744,Paper,2018.0,MT,SKG,
P_W2605717780,Paper,2017.0,MT,SKG,
P_W2971347700,Paper,2019.0,MT,SKG,
P_W2108188641,Paper,2013.0,MT,SKG,
P_W2102845951,Paper,2011.0,MT,SKG,
P_W3103878009,Paper,2020.0,MT,SKG,
P_W2799708641,Paper,2018.0,MT,SKG,
P_W2250773707,Paper,2013.0,MT,SKG,
P_W2133622676,Paper,2013.0,MT,SKG,
P_W2252186615,Paper,2013.0,MT,SKG,
P_W3102885980,Paper,2020.0,MT,SKG,
P_W2970682957,Paper,2019.0,MT,SKG,
P_W2250231891,Paper,2015.0,MT,SKG,
P_W2798905273,Paper,2018.0,MT,SKG,
P_W174699892,Paper,2014.0,MT,SKG,
P_W2251084562,Paper,2013.0,MT,SKG,
P_W3016440711,Paper,2020.0,MT,SKG,
P_W2741049976,Paper,2017.0,MT,SKG,
P_W2114053509,Paper,2013.0,MT,SKG,
P_W1573488949,Paper,2015.0,MT,SKG,
P_W2250699071,Paper,2014.0,MT,SKG,
P_W43226814,Paper,2012.0,MT,SKG,
P_W2803172920,Paper,2018.0,MT,SKG,
P_W2108740414,Paper,2011.0,MT,SKG,
P_W2136353104,Paper,2011.0,MT,SKG,
P_W2148086098,Paper,2011.0,MT,SKG,
P_W2148429252,Paper,2013.0,MT,SKG,
P_W2964085268,Paper,2018.0,MT,SKG,
P_W2107705235,Paper,2011.0,MT,SKG,
P_W2143601450,Paper,2011.0,MT,SKG,
P_W2971287409,Paper,2019.0,MT,SKG,
P_W2118296893,Paper,2014.0,MT,SKG,
P_W2970849705,Paper,2019.0,MT,SKG,
P_W2158733102,Paper,2011.0,MT,SKG,
P_W3118744051,Paper,2020.0,MT,SKG,
P_W2250679855,Paper,2015.0,MT,SKG,
P_W2970911692,Paper,2019.0,MT,SKG,
P_W2252198809,Paper,2015.0,MT,SKG,
P_W2963232029,Paper,2015.0,MT,SKG,
P_W1725104462,Paper,2012.0,MT,SKG,
P_W2971154170,Paper,2019.0,MT,SKG,
P_W3120726683,Paper,2020.0,MT,SKG,
P_W2741852514,Paper,2017.0,MT,SKG,
P_W3023783150,Paper,2020.0,MT,SKG,
P_W3120329789,Paper,2020.0,MT,SKG,
P_W2889336589,Paper,2018.0,MT,SKG,
P_W2134451584,Paper,2013.0,MT,SKG,
P_W3033996734,Paper,2020.0,MT,SKG,
P_W2139761450,Paper,2011.0,MT,SKG,
P_W2962717763,Paper,2017.0,MT,SKG,
P_W7126385421,Paper,2020.0,MT,SKG,
P_W3118940075,Paper,2020.0,MT,SKG,
P_W2150634928,Paper,2014.0,MT,SKG,
P_W2169836073,Paper,2012.0,MT,SKG,
P_W2963260202,Paper,2016.0,MT,SKG,
P_W2896060389,Paper,2018.0,MT,SKG,
P_W2971043182,Paper,2019.0,MT,SKG,
P_W2251507105,Paper,2014.0,MT,SKG,
P_W2915751160,Paper,2015.0,MT,SKG,
P_W2971081268,Paper,2019.0,MT,SKG,
P_W2788575190,Paper,2018.0,MT,SKG,
P_W2898793635,Paper,2018.0,MT,SKG,
P_W2581969392,Paper,2017.0,MT,SKG,
P_W2886687308,Paper,2015.0,MT,SKG,
P_W2970925677,Paper,2019.0,MT,SKG,
P_W3120880016,Paper,2020.0,MT,SKG,
P_W2740743644,Paper,2017.0,MT,SKG,
P_W2610850660,Paper,2017.0,MT,SKG,
P_W2945735543,Paper,2019.0,MT,SKG,
P_W3074221917,Paper,2020.0,MT,SKG,
P_W2121457870,Paper,2014.0,MT,SKG,
P_W2126525262,Paper,2012.0,MT,SKG,
P_W2963034998,Paper,2018.0,MT,SKG,
P_W2113199498,Paper,2010.0,MT,SKG,
P_W2167665328,Paper,2014.0,MT,SKG,
P_W2252101403,Paper,2015.0,MT,SKG,
P_W2739738036,Paper,2017.0,MT,SKG,
P_W3120348349,Paper,2020.0,MT,SKG,
P_W2126129064,Paper,2014.0,MT,SKG,
P_W2153508793,Paper,2010.0,MT,SKG,
P_W2963069107,Paper,2017.0,MT,SKG,
P_W118347290,Paper,2012.0,MT,SKG,
P_W3119254911,Paper,2020.0,MT,SKG,
P_W2251784502,Paper,2015.0,MT,SKG,
P_W2250218970,Paper,2014.0,MT,SKG,
P_W3118247774,Paper,2020.0,MT,SKG,
P_W3093017238,Paper,2020.0,MT,SKG,
P_W2251349730,Paper,2015.0,MT,SKG,
P_W2136173435,Paper,2014.0,MT,SKG,
P_W2251793130,Paper,2014.0,MT,SKG,
P_W2726413184,Paper,2017.0,MT,SKG,
P_W2740401134,Paper,2017.0,MT,SKG,
P_W2740545630,Paper,2017.0,MT,SKG,
P_W2130988241,Paper,2012.0,MT,SKG,
P_W2462503549,Paper,2016.0,MT,SKG,
P_W190128371,Paper,2012.0,MT,SKG,
P_W7126400190,Paper,2020.0,MT,SKG,
P_W2130551284,Paper,2012.0,MT,SKG,
P_W2963699608,Paper,2016.0,MT,SKG,
P_W2251032145,Paper,2014.0,MT,SKG,
P_W2739664242,Paper,2017.0,MT,SKG,
P_W2096435350,Paper,2012.0,MT,SKG,
P_W2166545452,Paper,2012.0,MT,SKG,
P_W2741401344,Paper,2017.0,MT,SKG,
P_W3118680649,Paper,2020.0,MT,SKG,
P_W200886494,Paper,2013.0,MT,SKG,
P_W3102654237,Paper,2020.0,QA,SKG,
P_W2963655104,Paper,2017.0,QA,SKG,
P_W3017356804,Paper,2020.0,QA,SKG,
P_W3035556416,Paper,2020.0,QA,SKG,
P_W3045683574,Paper,2020.0,QA,SKG,
P_W2727900257,Paper,2017.0,QA,SKG,
P_W2758826377,Paper,2017.0,QA,SKG,
P_W3035431747,Paper,2020.0,SA,SKG,
P_W2892317048,Paper,2018.0,SA,SKG,
P_W2468428963,Paper,2016.0,SA,SKG,
P_W2977233821,Paper,2019.0,SA,SKG,
P_W3100230687,Paper,2020.0,SA,SKG,
P_W2289843326,Paper,2015.0,SA,SKG,
P_W2122646221,Paper,2014.0,SA,SKG,
P_W2971297872,Paper,2019.0,SA,SKG,
P_W2470714457,Paper,2016.0,SA,SKG,
P_W2963240575,Paper,2018.0,SA,SKG,
P_W2922512839,Paper,2019.0,SA,SKG,
P_W2251292973,Paper,2015.0,SA,SKG,
E_18997733,Entity,,,,427
E_a2557a7b,Entity,,,,189
E_0aa1883c,Entity,,,,191
E_8e296a06,Entity,,,,25
E_f1b6f285,Entity,,,,464
E_642e92ef,Entity,,,,48
E_01386bd6,Entity,,,,348
E_3c59dc04,Entity,,,,21
E_15d4e891,Entity,,,,441
E_9dcb88e0,Entity,,,,188
E_19ca14e7,Entity,,,,36
E_0c74b7f7,Entity,,,,369
E_cd00692c,Entity,,,,328
E_371bce7d,Entity,,,,352
E_05049e90,Entity,,,,367
E_3c7781a3,Entity,,,,424
E_9778d5d2,Entity,,,,82
E_8bf1211f,Entity,,,,378
E_efe93778,Entity,,,,351
E_918317b5,Entity,,,,287
E_9b04d152,Entity,,,,231
E_647bba34,Entity,,,,545
E_46ba9f2a,Entity,,,,284
E_faa9afea,Entity,,,,423
E_6f4922f4,Entity,,,,18
E_7f1de29e,Entity,,,,135
E_f8c1f23d,Entity,,,,396
E_2b8a6159,Entity,,,,515
E_a97da629,Entity,,,,107
E_9b70e8fe,Entity,,,,448
E_52292e0c,Entity,,,,1192
E_5f93f983,Entity,,,,110
E_8e98d81f,Entity,,,,307
E_48aedb88,Entity,,,,288
E_9188905e,Entity,,,,244
E_7f100b7b,Entity,,,,271
E_757b505c,Entity,,,,201
E_e96ed478,Entity,,,,218
E_d709f38e,Entity,,,,370
E_9cfdf10e,Entity,,,,226
E_ba2fd310,Entity,,,,524
E_82aa4b0a,Entity,,,,162
E_ac1dd209,Entity,,,,238
E_43ec517d,Entity,,,,81
E_6f3ef77a,Entity,,,,210
E_cb70ab37,Entity,,,,243
E_ac627ab1,Entity,,,,99
E_b83aac23,Entity,,,,327
E_16a5cdae,Entity,,,,286
E_9de6d14f,Entity,,,,350
E_57370345,Entity,,,,539
E_0353ab4c,Entity,,,,461
E_8c19f571,Entity,,,,263
E_f90f2aca,Entity,,,,290
E_7eabe3a1,Entity,,,,206
E_58a2fc6e,Entity,,,,192
E_11b9842e,Entity,,,,303
E_1679091c,Entity,,,,6
E_1534b76d,Entity,,,,212
E_82161242,Entity,,,,175
E_d1fe173d,Entity,,,,79
E_577bcc91,Entity,,,,302
E_bd686fd6,Entity,,,,193
E_093f65e0,Entity,,,,59
E_d86ea612,Entity,,,,603
E_a8c88a00,Entity,,,,308
E_a1d0c6e8,Entity,,,,42
E_e56954b4,Entity,,,,265
E_67c6a1e7,Entity,,,,47
E_b6d767d2,Entity,,,,22
E_8d5e957f,Entity,,,,147
E_9adeb82f,Entity,,,,1196
E_9766527f,Entity,,,,165
E_39059724,Entity,,,,270
E_b53b3a3d,Entity,,,,55
E_65ded535,Entity,,,,132
E_c8ffe9a5,Entity,,,,124
E_1c9ac015,Entity,,,,156
E_55743cc0,Entity,,,,651
E_d81f9c1b,Entity,,,,345
E_5ef05993,Entity,,,,118
E_bca82e41,Entity,,,,380
E_2050e03c,Entity,,,,473
E_f7664060,Entity,,,,266
E_cfecdb27,Entity,,,,190
E_a666587a,Entity,,,,326
E_96da2f59,Entity,,,,177
E_3295c76a,Entity,,,,66
E_49182f81,Entity,,,,295
E_eddea82a,Entity,,,,309
E_ec895663,Entity,,,,102
E_5fd0b37c,Entity,,,,114
E_97e8527f,Entity,,,,544
E_30ef30b6,Entity,,,,652
E_9dfcd5e5,Entity,,,,311
E_66f041e1,Entity,,,,58
E_e00da03b,Entity,,,,139
E_66808e32,Entity,,,,414
E_14bfa6bb,Entity,,,,69
E_698d51a1,Entity,,,,111
E_0e01938f,Entity,,,,285
E_0f28b5d4,Entity,,,,141
E_57aeee35,Entity,,,,229
E_13f9896d,Entity,,,,346
E_b3e3e393,Entity,,,,153
E_bac9162b,Entity,,,,364
E_34173cb3,Entity,,,,30
E_019d385e,Entity,,,,433
E_31fefc0e,Entity,,,,187
E_c24cd76e,Entity,,,,253
E_0bb4aec1,Entity,,,,349
E_979d472a,Entity,,,,213
E_2d6cc4b2,Entity,,,,507
E_32072254,Entity,,,,320
E_d2ddea18,Entity,,,,73
E_3644a684,Entity,,,,200
E_fe131d7f,Entity,,,,255
E_d296c101,Entity,,,,296
E_85d8ce59,Entity,,,,197
E_d09bf415,Entity,,,,75
E_41ae36ec,Entity,,,,417
E_6a9aeddf,Entity,,,,282
E_0336dcba,Entity,,,,195
E_1c383cd3,Entity,,,,35
E_08c5433a,Entity,,,,597
E_d645920e,Entity,,,,40
E_f76a89f0,Entity,,,,612
E_a5771bce,Entity,,,,38
E_4734ba6f,Entity,,,,273
E_c45147de,Entity,,,,116
E_6da9003b,Entity,,,,230
E_dc6a6489,Entity,,,,469
E_142949df,Entity,,,,376
E_35f4a8d4,Entity,,,,78
E_02522a2b,Entity,,,,134
E_ad61ab14,Entity,,,,74
E_5b69b9cb,Entity,,,,501
E_f457c545,Entity,,,,49
E_9a115815,Entity,,,,52
E_a4a042cf,Entity,,,,171
E_1d7f7abc,Entity,,,,154
E_dc912a25,Entity,,,,385
E_19f3cd30,Entity,,,,251
E_fa7cdfad,Entity,,,,164
E_149e9677,Entity,,,,170
E_18d80423,Entity,,,,400
E_9ad6aaed,Entity,,,,583
E_b73ce398,Entity,,,,160
E_0d0fd7c6,Entity,,,,408
E_17d63b16,Entity,,,,411
E_3493894f,Entity,,,,591
E_d1f255a3,Entity,,,,418
E_b1a59b31,Entity,,,,261
E_f0935e4c,Entity,,,,106
E_08b255a5,Entity,,,,590
E_c7e1249f,Entity,,,,87
E_e369853d,Entity,,,,34
E_3ef81541,Entity,,,,85
E_ca46c1b9,Entity,,,,214
E_34ed066d,Entity,,,,301
E_559cb990,Entity,,,,491
E_a8f15eda,Entity,,,,151
E_e8c0653f,Entity,,,,505
E_9fd81843,Entity,,,,297
E_f4f6dce2,Entity,,,,407
E_6ea9ab1b,Entity,,,,29
E_877a9ba7,Entity,,,,468
E_98dce83d,Entity,,,,93
E_25b2822c,Entity,,,,425
E_cedebb6e,Entity,,,,183
E_577ef115,Entity,,,,235
E_851ddf50,Entity,,,,614
E_e3796ae8,Entity,,,,281
E_0deb1c54,Entity,,,,413
E_38913e1d,Entity,,,,517
E_c20ad4d7,Entity,,,,12
E_3988c7f8,Entity,,,,137
E_49ae49a2,Entity,,,,453
E_8613985e,Entity,,,,90
E_839ab468,Entity,,,,289
E_6cdd60ea,Entity,,,,184
E_1be3bc32,Entity,,,,494
E_2838023a,Entity,,,,51
E_c3e878e2,Entity,,,,362
E_0266e33d,Entity,,,,245
E_73278a4a,Entity,,,,113
E_ad972f10,Entity,,,,374
E_6c4b761a,Entity,,,,157
E_caf1a3df,Entity,,,,321
E_140f6969,Entity,,,,159
E_d3d94468,Entity,,,,10
E_ef575e88,Entity,,,,472
E_e46de7e1,Entity,,,,397
E_084b6fbb,Entity,,,,196
E_d67d8ab4,Entity,,,,39
E_00ec53c4,Entity,,,,381
E_9872ed9f,Entity,,,,186
E_6faa8040,Entity,,,,329
E_8b16ebc0,Entity,,,,569
E_2723d092,Entity,,,,109
E_ffd52f3c,Entity,,,,373
E_db8e1af0,Entity,,,,276
E_63923f49,Entity,,,,275
E_aab32389,Entity,,,,14
E_7fe1f8ab,Entity,,,,459
E_357a6fdf,Entity,,,,337
E_da4fb5c6,Entity,,,,120
E_85fc37b1,Entity,,,,621
E_a8baa565,Entity,,,,142
E_9b861925,Entity,,,,130
E_74db120f,Entity,,,,228
E_821fa74b,Entity,,,,455
E_e4da3b7f,Entity,,,,5
E_45c48cce,Entity,,,,9
E_32bb90e8,Entity,,,,72
E_2f55707d,Entity,,,,493
E_6974ce5a,Entity,,,,103
E_d1c38a09,Entity,,,,225
E_94f6d7e0,Entity,,,,300
E_bf822969,Entity,,,,174
E_76dc611d,Entity,,,,128
E_c410003e,Entity,,,,490
E_f4b9ec30,Entity,,,,94
E_d9fc5b73,Entity,,,,388
E_bc6dc48b,Entity,,,,323
E_f3f27a32,Entity,,,,516
E_b2eb7349,Entity,,,,306
E_65658fde,Entity,,,,536
E_9461cce2,Entity,,,,481
E_eb163727,Entity,,,,211
E_68d30a95,Entity,,,,84
E_7f6ffaa6,Entity,,,,112
E_5ef0b4eb,Entity,,,,475
E_8f121ce0,Entity,,,,268
E_54229abf,Entity,,,,91
E_01161aaa,Entity,,,,236
E_e44fea3b,Entity,,,,454
E_4f4adcbf,Entity,,,,404
E_a597e505,Entity,,,,194
E_52720e00,Entity,,,,361
E_3416a75f,Entity,,,,41
E_d3957710,Entity,,,,279
E_0f49c89d,Entity,,,,283
E_069059b7,Entity,,,,126
E_5e388103,Entity,,,,554
E_92c8c96e,Entity,,,,280
E_8f14e45f,Entity,,,,7
E_9be40cee,Entity,,,,365
E_c16a5320,Entity,,,,31
E_36660e59,Entity,,,,262
E_f2217062,Entity,,,,149
E_8d3bba74,Entity,,,,319
E_812b4ba2,Entity,,,,95
E_1543843a,Entity,,,,395
E_a5bfc9e0,Entity,,,,37
E_cbcb58ac,Entity,,,,565
E_d82c8d16,Entity,,,,53
E_37bc2f75,Entity,,,,304
E_06138bc5,Entity,,,,269
E_c74d97b0,Entity,,,,16
E_f7177163,Entity,,,,44
E_e836d813,Entity,,,,466
E_58d4d1e7,Entity,,,,615
E_502e4a16,Entity,,,,258
E_8efb100a,Entity,,,,387
E_26e359e8,Entity,,,,298
E_352fe25d,Entity,,,,399
E_202cb962,Entity,,,,123
E_432aca3a,Entity,,,,318
E_6883966f,Entity,,,,294
E_c042f4db,Entity,,,,332
E_d1f491a4,Entity,,,,129
E_fc221309,Entity,,,,181
E_1a5b1e4d,Entity,,,,446
E_c9f0f895,Entity,,,,8
E_182be0c5,Entity,,,,33
E_17000029,Entity,,,,292
E_e7b24b11,Entity,,,,360
E_37693cfc,Entity,,,,23
E_f73b76ce,Entity,,,,392
E_08740852,Entity,,,,510
E_06409663,Entity,,,,158
E_5a4b25aa,Entity,,,,391
E_1728efbd,Entity,,,,564
E_07cdfd23,Entity,,,,278
E_b7b16ecf,Entity,,,,398
E_b1d10e7b,Entity,,,,209
E_92cc2275,Entity,,,,92
E_1f0e3dad,Entity,,,,19
E_4e732ced,Entity,,,,26
E_bd4c9ab7,Entity,,,,161
E_75887499,Entity,,,,314
E_70efdf2e,Entity,,,,17
E_250cf8b5,Entity,,,,456
E_44f683a8,Entity,,,,62
E_c81e728d,Entity,,,,2
E_85422afb,Entity,,,,526
E_45645a27,Entity,,,,626
E_be83ab3e,Entity,,,,232
E_40008b9a,Entity,,,,340
E_ec5decca,Entity,,,,127
E_555d6702,Entity,,,,239
E_c3c59e5f,Entity,,,,488
E_38db3aed,Entity,,,,246
E_7380ad8a,Entity,,,,497
E_8f855179,Entity,,,,178
E_9c838d2e,Entity,,,,291
E_539fd53b,Entity,,,,237
E_b337e84d,Entity,,,,504
E_3cec07e9,Entity,,,,247
E_0584ce56,Entity,,,,384
E_1068c6e4,Entity,,,,410
E_05f971b5,Entity,,,,498
E_006f52e9,Entity,,,,168
E_1ff1de77,Entity,,,,24
E_c0e190d8,Entity,,,,219
E_1ff8a7b5,Entity,,,,172
E_5b8add2a,Entity,,,,317
E_03afdbd6,Entity,,,,63
E_55a7cf9c,Entity,,,,492
E_9431c87f,Entity,,,,452
E_7e7757b1,Entity,,,,166
E_6c9882bb,Entity,,,,250
E_aa942ab2,Entity,,,,358
E_fe73f687,Entity,,,,330
E_e2c0be24,Entity,,,,203
E_f61d6947,Entity,,,,375
E_5737c6ec,Entity,,,,322
E_eda80a3d,Entity,,,,267
E_47d1e990,Entity,,,,148
E_0ff39bbb,Entity,,,,646
E_7d04bbbe,Entity,,,,486
E_f29c21d4,Entity,,,,613
E_13f3cf8c,Entity,,,,443
E_f7e6c855,Entity,,,,173
E_eb160de1,Entity,,,,117
E_37a749d8,Entity,,,,152
E_c51ce410,Entity,,,,13
E_598b3e71,Entity,,,,476
E_2b24d495,Entity,,,,145
E_c52f1bd6,Entity,,,,254
E_04ecb1fa,Entity,,,,595
E_1385974e,Entity,,,,140
E_a49e9411,Entity,,,,434
E_091d584f,Entity,,,,208
E_1afa34a7,Entity,,,,131
E_2b44928a,Entity,,,,115
E_59b90e10,Entity,,,,514
E_a684ecee,Entity,,,,54
E_6855456e,Entity,,,,336
E_ef0d3930,Entity,,,,299
E_28dd2c79,Entity,,,,77
E_7eacb532,Entity,,,,419
E_3cf166c6,Entity,,,,499
E_8f53295a,Entity,,,,179
E_372d3f30,Entity,,,,1465
E_a4f23670,Entity,,,,260
E_58238e9a,Entity,,,,342
E_a0a080f4,Entity,,,,122
E_53c3bce6,Entity,,,,293
E_854d6fae,Entity,,,,202
E_f899139d,Entity,,,,100
E_b5b41fac,Entity,,,,502
E_38b3eff8,Entity,,,,101
E_a87ff679,Entity,,,,4
E_eae27d77,Entity,,,,205
E_9a96876e,Entity,,,,447
E_c3992e9a,Entity,,,,602
E_bcbe3365,Entity,,,,222
E_3def184a,Entity,,,,125
E_013d4071,Entity,,,,138
E_ab817c93,Entity,,,,467
E_ec8ce6ab,Entity,,,,220
E_fc490ca4,Entity,,,,65
E_9fc3d715,Entity,,,,133
E_077e29b1,Entity,,,,249
E_9f61408e,Entity,,,,56
E_bbf94b34,Entity,,,,403
E_7647966b,Entity,,,,89
E_621bf66d,Entity,,,,248
E_eed5af6a,Entity,,,,439
E_72b32a1f,Entity,,,,57
E_eecca5b6,Entity,,,,185
E_acc3e040,Entity,,,,593
E_fbd7939d,Entity,,,,76
E_d6baf65e,Entity,,,,264
E_a5e00132,Entity,,,,146
E_65b9eea6,Entity,,,,105
E_13fe9d84,Entity,,,,224
E_42a0e188,Entity,,,,136
E_289dff07,Entity,,,,234
E_045117b0,Entity,,,,180
E_cee63112,Entity,,,,500
E_d9d4f495,Entity,,,,46
E_f2fc9902,Entity,,,,324
E_36366388,Entity,,,,169
E_950a4152,Entity,,,,312
E_25ddc0f8,Entity,,,,474
E_a3c65c29,Entity,,,,108
E_735b90b4,Entity,,,,67
E_f387624d,Entity,,,,553
E_5ef698cd,Entity,,,,366
E_69adc1e1,Entity,,,,207
E_0e65972d,Entity,,,,198
E_0a09c884,Entity,,,,144
E_d947bf06,Entity,,,,274
E_75fc093c,Entity,,,,429
E_072b030b,Entity,,,,60
E_a7608800,Entity,,,,511
E_cfee3986,Entity,,,,478
E_c9e1074f,Entity,,,,104
E_389bc7bb,Entity,,,,508
E_d96409bf,Entity,,,,257
E_e2c420d9,Entity,,,,71
E_fe9fc289,Entity,,,,83
E_335f5352,Entity,,,,240
E_b3967a0e,Entity,,,,344
E_93db85ed,Entity,,,,86
E_ea5d2f1c,Entity,,,,64
E_705f2172,Entity,,,,227
E_d34ab169,Entity,,,,377
E_2a79ea27,Entity,,,,155
E_e4a6222c,Entity,,,,242
E_3ad7c2eb,Entity,,,,343
E_cf004fdc,Entity,,,,368
E_07e1cd7d,Entity,,,,119
E_03c6b069,Entity,,,,252
E_2bb232c0,Entity,,,,523
E_496e05e1,Entity,,,,305
E_41f1f191,Entity,,,,371
E_dc82d632,Entity,,,,607
E_d61e4bbd,Entity,,,,449
E_84d9ee44,Entity,,,,199
E_63dc7ed1,Entity,,,,217
E_17e62166,Entity,,,,43
E_a8849b05,Entity,,,,578
E_98f13708,Entity,,,,20
E_274ad478,Entity,,,,204
E_28f0b864,Entity,,,,394
E_9bf31c7f,Entity,,,,15
E_a3f390d8,Entity,,,,68
E_89f0fd5c,Entity,,,,325
E_4c56ff4c,Entity,,,,121
E_3fe94a00,Entity,,,,316
E_ff4d5fbb,Entity,,,,506
E_7cbbc409,Entity,,,,70
E_903ce922,Entity,,,,143
E_f340f1b1,Entity,,,,241
E_eccbc87e,Entity,,,,3
E_26657d5f,Entity,,,,96
E_45fbc6d3,Entity,,,,216
E_e2ef524f,Entity,,,,97
E_a8abb4bb,Entity,,,,440
E_6364d3f0,Entity,,,,32
E_7a614fd0,Entity,,,,272
E_bbcbff5c,Entity,,,,405
E_24b16fed,Entity,,,,372
E_6c8349cc,Entity,,,,45
E_3b8a6142,Entity,,,,215
E_c0c7c76d,Entity,,,,50
E_6512bd43,Entity,,,,11
E_06eb61b8,Entity,,,,310
E_b9228e09,Entity,,,,412
E_cfa0860e,Entity,,,,259
E_f85454e8,Entity,,,,422
E_b6f0479a,Entity,,,,420
E_060ad924,Entity,,,,221
E_2a38a4a9,Entity,,,,88
E_854d9fca,Entity,,,,489
E_c203d8a1,Entity,,,,442
E_ed3d2c21,Entity,,,,98
E_4c5bde74,Entity,,,,182
E_f718499c,Entity,,,,256
E_7f39f831,Entity,,,,61
E_38af8613,Entity,,,,176
E_e1654211,Entity,,,,233
E_20f07591,Entity,,,,277
E_0777d5c1,Entity,,,,163
E_f5f8590c,Entity,,,,450
E_01f78be6,Entity,,,,550
E_02e74f10,Entity,,,,27
E_74071a67,Entity,,,,477
E_7ef605fc,Entity,,,,150
E_33e75ff0,Entity,,,,28
E_f033ab37,Entity,,,,80
E_1651cf0d,Entity,,,,438
E_9b72e31d,Entity,,,,540
E_285e19f2,Entity,,,,503
E_8e6b42f1,Entity,,,,471
E_5878a7ab,Entity,,,,167
E_115f8950,Entity,,,,223
